Spiller-Id,Navn,2013,2014,2015,2016,2017,2018,2019,2020,2021,2022,2023
100003,Helene Abusdal,1176.0,136.0,776.0,1300.0,1172.0,504.0,476.0,284.0,341.0,504.0,24.0
100022,Cecilie Welle Bay,0.0,0.0,0.0,0.0,0.0,0.0,0.0,0.0,0.0,0.0,0.0
100041,Wenche Brinchmann,12.0,0.0,0.0,0.0,0.0,0.0,0.0,0.0,0.0,4.0,0.0
100045,Kari Bunes,6.0,28.0,0.0,0.0,0.0,0.0,0.0,0.0,0.0,0.0,0.0
100092,Anita Elson,148.0,0.0,0.0,0.0,0.0,0.0,0.0,0.0,0.0,0.0,0.0
100113,Gunn Fiskergaard,168.0,216.0,200.0,150.0,112.0,116.0,64.0,12.0,118.0,106.0,118.0
100156,Linn Grenby,64.0,0.0,0.0,0.0,0.0,0.0,0.0,0.0,0.0,0.0,0.0
100158,Britt Grindland,84.0,102.0,44.0,68.0,78.0,70.0,26.0,0.0,42.0,36.0,34.0
100159,Ellen Groos,0.0,0.0,0.0,0.0,0.0,0.0,0.0,0.0,0.0,0.0,0.0
100169,Randi Gulbrandsen,2.0,0.0,1.0,0.0,0.0,0.0,0.0,0.0,0.0,0.0,0.0
100175,Maria Jiangli Stenrud,202.0,0.0,42.0,52.0,36.0,26.0,0.0,0.0,0.0,0.0,0.0
100182,Sigrid Elise Sund,86.0,0.0,0.0,0.0,0.0,0.0,0.0,0.0,0.0,0.0,0.0
100193,Monica Halvorsen,28.0,0.0,0.0,0.0,0.0,76.0,98.0,0.0,31.0,18.0,55.0
100204,Cathrine Fossmo,944.0,1024.0,0.0,0.0,0.0,0.0,0.0,0.0,0.0,0.0,0.0
100341,Maren Kamlund,0.0,0.0,0.0,0.0,0.0,0.0,0.0,0.0,0.0,0.0,0.0
100357,Sophie Owen-Davies,216.0,472.0,96.0,24.0,0.0,0.0,0.0,0.0,0.0,0.0,0.0
100373,Hanna B. Kværnø,52.0,176.0,156.0,100.0,56.0,44.0,34.0,0.0,8.0,28.0,28.0
100437,Inger Margrethe Midtlid,48.0,84.0,14.0,34.0,14.0,8.0,0.0,0.0,0.0,0.0,0.0
100485,Lisbeth Nilsen,24.0,0.0,18.0,0.0,0.0,0.0,0.0,0.0,0.0,0.0,0.0
100499,Helene Norland,168.0,107.0,0.0,117.0,136.0,24.0,18.0,0.0,4.0,0.0,0.0
100553,Jorunn Rasmussen,160.0,70.0,50.0,112.0,126.0,8.0,24.0,0.0,6.0,0.0,0.0
100612,Anne Skien,67.0,30.0,48.0,0.0,0.0,2.0,17.0,0.0,4.0,0.0,0.0
100619,Anne Skjævesland,60.0,16.0,10.0,0.0,16.0,24.0,0.0,0.0,0.0,0.0,0.0
100624,Solfrid Slettebakken,2.0,0.0,0.0,0.0,0.0,0.0,0.0,0.0,0.0,0.0,0.0
100628,Sissel W. Schmidt,24.0,26.0,80.0,14.0,0.0,14.0,21.0,0.0,5.0,12.0,12.0
100643,Bente Sotnes,28.0,0.0,68.0,84.0,58.0,23.0,0.0,0.0,52.0,126.0,96.0
100681,Jeanette Svendsen,92.0,57.0,372.0,280.0,216.0,54.0,115.0,0.0,92.0,54.0,18.0
100717,Berit Thyness,344.0,356.0,149.0,220.0,348.0,232.0,156.0,0.0,175.0,192.0,222.0
100772,Åsne Lund,72.0,24.0,62.0,60.0,92.0,0.0,0.0,0.0,0.0,0.0,0.0
100805,Tone Rasmussen Økland,114.0,0.0,0.0,0.0,0.0,0.0,24.0,0.0,14.0,0.0,0.0
100862,Anne Klyve,312.0,64.0,132.0,512.0,152.0,140.0,24.0,0.0,250.0,52.0,12.0
100899,Randi Ulla Nogva,38.0,46.0,4.0,0.0,0.0,0.0,0.0,0.0,0.0,0.0,0.0
100900,Christiane Dahl Nielsen,272.0,254.0,280.0,300.0,30.0,0.0,0.0,0.0,0.0,0.0,0.0
100928,Signe Petra Morvik,8.0,0.0,10.0,0.0,0.0,0.0,0.0,0.0,0.0,0.0,0.0
100947,Toril Staldvik,11.0,0.0,0.0,0.0,0.0,0.0,0.0,0.0,0.0,0.0,0.0
100989,Ida C. Pedersen,50.0,116.0,14.0,0.0,0.0,0.0,0.0,0.0,0.0,0.0,0.0
101040,Anne Gro Rikheim,32.0,15.0,70.0,32.0,0.0,0.0,0.0,0.0,0.0,0.0,11.0
101065,Marie Wåland,192.0,176.0,48.0,256.0,112.0,105.0,72.0,224.0,366.0,0.0,0.0
101080,Elisabeth Thrane,220.0,0.0,184.0,0.0,7.0,0.0,0.0,0.0,42.0,0.0,0.0
101107,Camilla Christine Sørensen,8.0,7.0,44.0,22.0,0.0,22.0,24.0,0.0,6.0,0.0,0.0
101142,Gunnhild Bøyum,12.0,28.0,25.0,5.0,1.0,0.0,0.0,0.0,0.0,0.0,0.0
101148,Svenja Tyrhardt,226.0,232.0,121.0,0.0,14.0,0.0,0.0,0.0,0.0,4.0,0.0
101149,Marit Ulmo,272.0,144.0,696.0,0.0,9.0,0.0,0.0,0.0,0.0,0.0,0.0
101190,Mari Helene Bøe,200.0,80.0,178.0,154.0,228.0,58.0,0.0,0.0,0.0,0.0,0.0
101221,Carina Amundsen,0.0,0.0,0.0,0.0,0.0,0.0,0.0,0.0,0.0,0.0,0.0
101229,Line Johnstad,64.0,0.0,0.0,0.0,0.0,0.0,0.0,0.0,0.0,0.0,0.0
101262,Hege Leirud,276.0,0.0,276.0,214.0,113.0,0.0,24.0,0.0,171.0,68.0,0.0
101269,Hilde Mari Furnes,35.0,0.0,59.0,36.0,22.0,0.0,0.0,0.0,0.0,0.0,0.0
101285,Randi Selle,372.0,388.0,192.0,64.0,357.0,468.0,408.0,0.0,210.0,648.0,432.0
101294,Sonja Wåland,248.0,0.0,56.0,128.0,0.0,0.0,0.0,0.0,0.0,0.0,0.0
101308,Marit Lillelien,148.0,232.0,160.0,145.0,56.0,9.0,6.0,0.0,0.0,0.0,0.0
101342,Runa Korshavn,42.0,134.0,0.0,18.0,48.0,18.0,44.0,0.0,21.0,60.0,118.0
101427,Aina Moum,40.0,0.0,0.0,0.0,0.0,0.0,0.0,0.0,0.0,0.0,0.0
101495,Dao Huynh,28.0,0.0,0.0,0.0,0.0,0.0,0.0,0.0,0.0,0.0,0.0
101508,Ina Helland,142.0,108.0,48.0,48.0,0.0,0.0,0.0,0.0,0.0,0.0,0.0
101610,Lotte Moe,6.0,0.0,4.0,1.0,4.0,0.0,4.0,0.0,1.0,0.0,0.0
101771,Eirin Næss Korshavn,24.0,0.0,0.0,0.0,0.0,0.0,0.0,0.0,0.0,0.0,0.0
101788,Therese Meland,40.0,34.0,32.0,0.0,16.0,0.0,0.0,0.0,0.0,1.0,0.0
101928,Christina svendsen,28.0,14.0,15.0,0.0,0.0,0.0,0.0,0.0,0.0,0.0,0.0
101929,Ida Theres Johansen,14.0,5.0,0.0,0.0,0.0,0.0,0.0,0.0,0.0,0.0,0.0
102033,Charlotte Leinan,166.0,304.0,136.0,96.0,48.0,0.0,0.0,0.0,0.0,0.0,0.0
102056,Hege Malene Ulstein,360.0,196.0,0.0,0.0,0.0,0.0,0.0,0.0,0.0,0.0,0.0
102063,Toril Elise Ulvang,97.0,84.0,0.0,26.0,0.0,0.0,10.0,0.0,2.0,0.0,0.0
102066,Ingunn Vie Skare,14.0,23.0,64.0,52.0,0.0,23.0,3.0,0.0,0.0,3.0,3.0
102092,Sunniva Sørensen,36.0,14.0,20.0,48.0,28.0,6.0,0.0,0.0,0.0,0.0,0.0
102142,Sara Hvidsten,114.0,60.0,170.0,140.0,144.0,42.0,0.0,0.0,26.0,146.0,117.0
102163,Anja Olsen,59.0,58.0,0.0,90.0,58.0,20.0,25.0,0.0,2.0,19.0,0.0
102181,Liv Kristiane Bugge,11.0,17.0,41.0,6.0,0.0,31.0,7.0,0.0,1.0,0.0,0.0
102182,Ulla Faarup,20.0,57.0,32.0,62.0,8.0,14.0,0.0,0.0,10.0,0.0,0.0
102213,Synnøve Sirhaug,30.0,0.0,0.0,0.0,0.0,0.0,0.0,0.0,0.0,0.0,0.0
102236,Trude Gystad,3.0,0.0,0.0,0.0,0.0,0.0,0.0,0.0,0.0,0.0,0.0
102269,Linn Lilian Stenrud,380.0,744.0,1088.0,61.0,0.0,129.0,10.0,0.0,2.0,0.0,0.0
102271,Trine Wåland,98.0,0.0,0.0,0.0,14.0,0.0,0.0,0.0,0.0,0.0,0.0
102274,Thea Johansen,784.0,912.0,508.0,804.0,949.0,356.0,148.0,0.0,62.0,0.0,0.0
102275,Natalie Kristensen,452.0,65.0,9.0,0.0,128.0,0.0,0.0,0.0,0.0,9.0,0.0
102316,Erle Skånøy,0.0,0.0,0.0,0.0,0.0,0.0,0.0,0.0,0.0,0.0,0.0
102364,Kristin Aven,0.0,0.0,0.0,0.0,0.0,0.0,0.0,0.0,0.0,0.0,0.0
102393,Amanda Niederbach,0.0,0.0,0.0,0.0,0.0,0.0,0.0,0.0,0.0,0.0,0.0
102422,Solvår S Flåten Jørgensen,92.0,0.0,52.0,64.0,0.0,0.0,9.0,0.0,2.0,332.0,18.0
102451,Marie Fiskum,124.0,76.0,108.0,0.0,28.0,8.0,8.0,0.0,2.0,40.0,0.0
102463,Vilde Espeseth,316.0,984.0,1664.0,1904.0,1124.0,457.0,676.0,592.0,1021.0,945.0,592.0
102464,Ingelin Espeseth,46.0,18.0,216.0,0.0,0.0,100.0,110.0,0.0,23.0,0.0,0.0
102465,Guro Olsen,32.0,0.0,0.0,0.0,0.0,0.0,0.0,0.0,0.0,0.0,0.0
102468,Marthe Skaug,492.0,344.0,129.0,441.0,12.0,492.0,144.0,0.0,24.0,0.0,14.0
102476,Andrea Løvold,68.0,55.0,72.0,214.0,216.0,21.0,24.0,10.0,6.0,6.0,8.0
102497,Rikke Nyheim,38.0,24.0,10.0,9.0,13.0,16.0,0.0,0.0,0.0,0.0,0.0
102519,Marita Janne Jelsma,0.0,0.0,0.0,0.0,0.0,0.0,0.0,0.0,0.0,0.0,0.0
102532,Tam Huynh,28.0,0.0,0.0,0.0,0.0,9.0,0.0,0.0,0.0,9.0,9.0
102533,Elisa Wiborg,968.0,648.0,1248.0,800.0,1264.0,1840.0,368.0,124.0,184.0,167.0,188.0
102606,Helle Sofie Sagøy,34.0,12.0,18.0,113.0,238.0,152.0,26.0,60.0,38.0,124.0,86.0
102635,Marie Christensen,210.0,222.0,320.0,660.0,416.0,132.0,0.0,0.0,220.0,80.0,0.0
102703,Karoline Kaldheim,146.0,121.0,78.0,0.0,0.0,0.0,0.0,0.0,0.0,0.0,0.0
102730,Rikke Nagell Hansen,15.0,29.0,49.0,64.0,0.0,0.0,0.0,0.0,23.0,0.0,0.0
102731,Ingrid Øgreid,36.0,0.0,44.0,22.0,0.0,0.0,0.0,0.0,0.0,0.0,0.0
102732,Iris Hagen,16.0,54.0,46.0,67.0,22.0,50.0,20.0,0.0,121.0,134.0,10.0
102770,Linda Schei,2.0,0.0,0.0,0.0,0.0,0.0,0.0,0.0,0.0,0.0,0.0
102840,Malin Hustig,1.0,0.0,0.0,0.0,0.0,0.0,0.0,0.0,0.0,0.0,0.0
102869,Heidi Torgersen,1.0,0.0,0.0,0.0,0.0,0.0,0.0,0.0,0.0,0.0,0.0
102921,Malin Holdbakk,18.0,0.0,0.0,43.0,0.0,46.0,4.0,0.0,0.0,0.0,0.0
102924,Kristina Andersen,160.0,64.0,50.0,66.0,134.0,298.0,128.0,0.0,26.0,0.0,0.0
102928,Marlene Wåland,212.0,816.0,920.0,1048.0,476.0,356.0,205.0,36.0,149.0,0.0,128.0
102929,Tuva Salvesen Johansen,48.0,24.0,0.0,0.0,0.0,0.0,0.0,0.0,0.0,0.0,0.0
102960,Irina Benedicte Eklund,168.0,548.0,433.0,0.0,130.0,0.0,0.0,0.0,0.0,0.0,0.0
102961,Silje Røgenes,27.0,0.0,0.0,27.0,0.0,0.0,0.0,0.0,0.0,0.0,0.0
102987,Stine Andersen,84.0,53.0,300.0,488.0,700.0,708.0,176.0,0.0,44.0,0.0,28.0
103011,Lena Falch,14.0,8.0,7.0,9.0,6.0,0.0,0.0,0.0,0.0,0.0,0.0
103012,Anne Berit Bergsmo,90.0,0.0,26.0,0.0,28.0,64.0,36.0,0.0,11.0,55.0,59.0
103058,Rebekka Paulsen,5.0,0.0,0.0,0.0,0.0,0.0,0.0,0.0,0.0,0.0,0.0
103101,Frida Sotnes Hamang,270.0,360.0,357.0,88.0,104.0,64.0,0.0,0.0,24.0,0.0,0.0
103102,Emilie Sotnes Hamang,234.0,290.0,976.0,808.0,884.0,1512.0,1384.0,512.0,668.0,428.0,620.0
103137,Kristine Wallem,0.0,0.0,0.0,0.0,0.0,0.0,0.0,0.0,0.0,0.0,0.0
103139,Kathrine Sellevoll,8.0,134.0,150.0,46.0,0.0,4.0,0.0,0.0,46.0,0.0,0.0
103186,Nina F. Hansen,32.0,30.0,0.0,0.0,0.0,0.0,0.0,0.0,0.0,0.0,0.0
103191,Cathrine Schanche,40.0,0.0,6.0,0.0,0.0,0.0,0.0,0.0,0.0,0.0,0.0
103195,Anja Sofie Martinussen,24.0,6.0,4.0,0.0,0.0,0.0,0.0,0.0,0.0,0.0,0.0
103246,Kristine Haakonseth,120.0,114.0,269.0,228.0,0.0,0.0,0.0,0.0,0.0,0.0,0.0
103271,Carina Sørensen,122.0,54.0,0.0,0.0,0.0,0.0,0.0,0.0,0.0,0.0,0.0
103272,Cecilie Sørensen,114.0,0.0,0.0,0.0,0.0,0.0,0.0,0.0,0.0,0.0,0.0
103291,Emilie Faarup Storvik,114.0,256.0,396.0,293.0,118.0,112.0,56.0,0.0,14.0,0.0,0.0
103296,Sofie Lund,67.0,0.0,0.0,0.0,0.0,0.0,0.0,0.0,0.0,0.0,0.0
103300,Jenny Hervard,4.0,0.0,17.0,0.0,0.0,0.0,0.0,0.0,24.0,37.0,41.0
103339,Ida Høyland W.,20.0,100.0,164.0,416.0,115.0,0.0,0.0,0.0,0.0,0.0,0.0
103381,Anastasia Vasilieva,38.0,11.0,0.0,0.0,0.0,0.0,0.0,0.0,0.0,0.0,0.0
103392,Beate Olsen,32.0,3.0,1.0,0.0,5.0,0.0,0.0,0.0,0.0,0.0,0.0
103417,Louise Prestø,2.0,0.0,2.0,16.0,27.0,4.0,6.0,0.0,1.0,0.0,0.0
103419,Victoria Økland,13.0,52.0,57.0,54.0,24.0,0.0,0.0,0.0,0.0,0.0,0.0
103445,Lovise Krogsæter,156.0,296.0,246.0,338.0,168.0,0.0,151.0,96.0,108.0,32.0,102.0
103446,Ingeborg Krogsæter,8.0,66.0,40.0,106.0,0.0,102.0,6.0,0.0,63.0,2.0,2.0
103514,Lotte Eide,48.0,34.0,0.0,0.0,0.0,0.0,0.0,0.0,0.0,0.0,0.0
103522,Vibeke Olsen,48.0,14.0,0.0,0.0,0.0,0.0,0.0,0.0,0.0,0.0,0.0
103524,Amanda T. Bonesmo,34.0,0.0,0.0,0.0,0.0,0.0,0.0,0.0,0.0,0.0,0.0
103531,Cecilie Li,180.0,270.0,437.0,60.0,94.0,169.0,165.0,0.0,23.0,42.0,0.0
103574,Kristin Thømt,70.0,32.0,40.0,102.0,140.0,30.0,10.0,0.0,6.0,74.0,64.0
103662,Siv Dyrkolbotn,58.0,65.0,10.0,31.0,0.0,0.0,0.0,0.0,0.0,19.0,32.0
103664,Malin Hrannardottir Skeie,0.0,0.0,0.0,0.0,0.0,0.0,0.0,0.0,0.0,0.0,0.0
103803,Merete Andreassen,40.0,0.0,0.0,4.0,0.0,0.0,0.0,0.0,0.0,0.0,0.0
103827,Hanne Osen,18.0,1.0,0.0,0.0,0.0,0.0,0.0,0.0,0.0,0.0,0.0
103837,Mirjam Finanger,6.0,14.0,22.0,14.0,5.0,5.0,1.0,0.0,0.0,0.0,0.0
103873,Margarita Wcislo,16.0,4.0,0.0,6.0,76.0,108.0,42.0,0.0,28.0,48.0,12.0
103874,Ingalill Mikalsen,152.0,56.0,0.0,1.0,0.0,0.0,0.0,0.0,0.0,4.0,0.0
103888,Marie Johansen,36.0,0.0,0.0,0.0,0.0,0.0,0.0,0.0,0.0,0.0,0.0
103906,Silje Svee,6.0,9.0,83.0,26.0,0.0,0.0,0.0,0.0,0.0,0.0,0.0
103924,Ronja H. Thorstensen,52.0,218.0,36.0,0.0,0.0,0.0,0.0,0.0,16.0,100.0,248.0
103947,Nora Jansson,4.0,4.0,58.0,0.0,0.0,0.0,0.0,0.0,0.0,0.0,0.0
103949,Tonje Løslett,54.0,0.0,0.0,0.0,0.0,0.0,0.0,0.0,0.0,0.0,0.0
104016,Elisabeth Pape,106.0,124.0,134.0,258.0,30.0,48.0,0.0,0.0,0.0,0.0,0.0
104056,Siv Årsand,12.0,0.0,0.0,0.0,0.0,0.0,28.0,0.0,7.0,0.0,0.0
104091,Anne-Margrethe Ulla Staurset,52.0,76.0,82.0,0.0,42.0,2.0,0.0,0.0,31.0,34.0,16.0
104193,Nathalie Nielsen,0.0,0.0,0.0,0.0,0.0,0.0,0.0,0.0,0.0,0.0,0.0
104241,Thea Zahl Thorsen,14.0,16.0,33.0,6.0,14.0,0.0,0.0,0.0,0.0,0.0,0.0
104265,Julia Louis Macsali,82.0,51.0,0.0,0.0,0.0,0.0,0.0,0.0,0.0,0.0,0.0
104266,Julie Langum,2.0,15.0,0.0,0.0,0.0,0.0,0.0,0.0,0.0,0.0,0.0
104270,Sofia Louis Macsali,41.0,90.0,78.0,88.0,416.0,1124.0,912.0,820.0,1060.0,173.0,65.0
104274,Andrine-Mikaela Kristiansen,16.0,16.0,7.0,0.0,1.0,0.0,6.0,0.0,6.0,0.0,0.0
104275,Mathilde Mikalsen,1.0,0.0,0.0,0.0,0.0,0.0,0.0,0.0,0.0,0.0,0.0
104281,Caroline Susann Guldbjørnsen,30.0,12.0,0.0,0.0,0.0,0.0,0.0,0.0,0.0,0.0,0.0
104396,Shaomeng Li,67.0,45.0,20.0,10.0,0.0,0.0,13.0,0.0,3.0,0.0,0.0
104414,Lin Ma,80.0,0.0,0.0,0.0,0.0,0.0,0.0,0.0,0.0,0.0,14.0
104421,Malin Andersson,120.0,292.0,128.0,104.0,305.0,288.0,52.0,0.0,7.0,0.0,65.0
104430,Rebekka Lie,22.0,14.0,14.0,0.0,0.0,0.0,0.0,0.0,0.0,0.0,0.0
104498,Nora Bang Vågen,26.0,6.0,10.0,0.0,0.0,0.0,0.0,0.0,0.0,0.0,0.0
104505,Ida Margrethe Ullern,24.0,0.0,0.0,0.0,18.0,0.0,11.0,0.0,2.0,0.0,4.0
104509,Vera Botcharova Ellingsen,224.0,132.0,238.0,688.0,800.0,812.0,621.0,261.0,695.0,269.0,52.0
104522,Marita Hrannardottir Skeie,52.0,0.0,0.0,0.0,0.0,0.0,0.0,0.0,0.0,0.0,0.0
104546,Henny Lyfjell,59.0,176.0,196.0,188.0,376.0,236.0,118.0,0.0,52.0,0.0,80.0
104555,Nora Lindland,80.0,64.0,24.0,16.0,0.0,80.0,7.0,0.0,1.0,0.0,0.0
104599,Norun Fosså,0.0,0.0,0.0,0.0,0.0,0.0,0.0,0.0,0.0,0.0,0.0
104649,Monica Fuglesang,32.0,0.0,11.0,55.0,27.0,29.0,24.0,0.0,18.0,54.0,25.0
104688,Vivian Nilsen,8.0,2.0,1.0,0.0,0.0,0.0,0.0,0.0,0.0,0.0,0.0
104707,Rowena Thakore Gunther,0.0,0.0,0.0,0.0,0.0,0.0,0.0,0.0,0.0,0.0,0.0
104762,Ingrid-Marie Bruvold,8.0,0.0,0.0,0.0,0.0,0.0,0.0,0.0,1.0,0.0,24.0
104828,Vilde Morvik Ekerhovd,87.0,106.0,66.0,240.0,288.0,144.0,66.0,0.0,16.0,0.0,18.0
104837,Synne Furnes Bjerkestrand,22.0,0.0,0.0,0.0,0.0,0.0,0.0,0.0,0.0,0.0,0.0
104859,kristiane lenning,4.0,4.0,0.0,14.0,5.0,0.0,0.0,0.0,0.0,0.0,0.0
104876,Rakel Gundersen,8.0,0.0,46.0,0.0,0.0,0.0,0.0,0.0,0.0,0.0,0.0
104884,Rikke Karlsen,118.0,146.0,216.0,252.0,552.0,247.0,80.0,0.0,14.0,0.0,0.0
104887,Victoria Magelssen,62.0,48.0,0.0,0.0,0.0,0.0,0.0,0.0,0.0,0.0,0.0
104913,Karolina Odin Bolstad,256.0,36.0,57.0,50.0,14.0,98.0,0.0,0.0,9.0,0.0,0.0
104930,Karina Sjoukje Jelsma,0.0,0.0,0.0,0.0,0.0,0.0,0.0,0.0,0.0,0.0,0.0
104936,Silje V. Kruksve Aasland,6.0,68.0,140.0,148.0,206.0,116.0,32.0,0.0,30.0,14.0,24.0
104960,Karoline Lerengen,34.0,148.0,180.0,196.0,80.0,90.0,0.0,0.0,0.0,0.0,0.0
105069,Anne-Liv Lie,164.0,166.0,72.0,0.0,0.0,0.0,0.0,0.0,0.0,0.0,0.0
105074,Ylva Rohde,0.0,0.0,0.0,0.0,0.0,0.0,0.0,0.0,0.0,0.0,0.0
105105,Pit Karoliussen,8.0,13.0,4.0,2.0,1.0,0.0,0.0,0.0,0.0,0.0,0.0
105118,Jenny Aalberg,1.0,14.0,5.0,52.0,24.0,2.0,0.0,0.0,0.0,0.0,0.0
105205,Anne Berit Iversen,6.0,2.0,5.0,20.0,20.0,0.0,0.0,0.0,0.0,0.0,0.0
105267,Juliana Nguyen,32.0,29.0,0.0,0.0,0.0,0.0,0.0,0.0,0.0,0.0,0.0
105282,Iris Carrascal Simonsen,12.0,54.0,70.0,68.0,0.0,0.0,0.0,0.0,0.0,0.0,0.0
105298,Olga Vasilieva,0.0,0.0,0.0,0.0,0.0,0.0,0.0,0.0,0.0,0.0,0.0
105305,Hanne Hexeberg Huseby,31.0,38.0,20.0,0.0,0.0,0.0,0.0,0.0,0.0,0.0,0.0
105312,Selma Sanyang,77.0,44.0,0.0,0.0,0.0,0.0,0.0,0.0,0.0,0.0,0.0
105315,Trine Sperre,152.0,70.0,200.0,68.0,120.0,42.0,20.0,0.0,185.0,122.0,94.0
105377,Thale Kristin Haugenes,14.0,13.0,0.0,0.0,0.0,0.0,0.0,0.0,0.0,0.0,0.0
105419,Kari Bergersen,8.0,0.0,0.0,0.0,0.0,0.0,0.0,0.0,0.0,0.0,0.0
105425,Sigrid Forsland,48.0,22.0,2.0,0.0,0.0,0.0,2.0,0.0,0.0,4.0,0.0
105435,Matilde Furholm,24.0,40.0,1.0,0.0,0.0,0.0,0.0,0.0,0.0,0.0,0.0
105448,Ida Tovik ,0.0,0.0,0.0,0.0,0.0,0.0,0.0,0.0,0.0,0.0,0.0
105461,Beate Rasmussen Soltvedt,0.0,0.0,0.0,0.0,0.0,0.0,0.0,0.0,0.0,0.0,0.0
105468,Sang Vo,14.0,0.0,0.0,0.0,0.0,0.0,0.0,0.0,0.0,0.0,0.0
105472,Marion Tanguy,28.0,15.0,58.0,0.0,0.0,0.0,0.0,0.0,0.0,0.0,0.0
105497,Karianne Koi,0.0,0.0,0.0,0.0,0.0,0.0,0.0,0.0,0.0,0.0,0.0
105522,Line Strander,42.0,4.0,8.0,0.0,0.0,0.0,0.0,0.0,0.0,0.0,0.0
105575,Ingrid Dretvik,0.0,0.0,0.0,0.0,0.0,0.0,0.0,0.0,0.0,0.0,0.0
105595,Elin Hansen,26.0,11.0,22.0,10.0,10.0,8.0,0.0,0.0,0.0,18.0,22.0
105599,Helene Elmer,1.0,2.0,0.0,0.0,0.0,0.0,0.0,0.0,0.0,0.0,0.0
105625,Marte Loeng,6.0,14.0,1.0,0.0,0.0,0.0,0.0,0.0,0.0,0.0,0.0
105644,Theepiga Makesan,0.0,0.0,0.0,0.0,0.0,0.0,0.0,0.0,0.0,0.0,0.0
105645,Jarsica Sriskantharajah,0.0,0.0,0.0,0.0,0.0,0.0,0.0,0.0,0.0,0.0,0.0
105646,Eline Wettre,0.0,0.0,0.0,0.0,0.0,0.0,0.0,0.0,0.0,0.0,0.0
105739,Tea Svelstad,2.0,0.0,0.0,0.0,0.0,0.0,0.0,0.0,0.0,0.0,0.0
105750,Atanaska Spasova,256.0,0.0,0.0,0.0,0.0,0.0,0.0,0.0,0.0,0.0,0.0
105771,Ingvild Nitter,15.0,0.0,0.0,0.0,0.0,0.0,0.0,0.0,0.0,0.0,0.0
105772,Tonje Halvorsen,17.0,0.0,0.0,0.0,0.0,0.0,0.0,0.0,0.0,0.0,0.0
105778,Agnethe Hagerup,19.0,10.0,0.0,1.0,0.0,0.0,0.0,0.0,0.0,0.0,0.0
105807,Celia Maria Cabanillas Argüelles,144.0,26.0,0.0,0.0,0.0,0.0,0.0,0.0,0.0,0.0,0.0
105829,Merete Nilsson,52.0,28.0,40.0,0.0,0.0,0.0,0.0,0.0,0.0,0.0,0.0
105850,Helene Johnsen,12.0,0.0,0.0,0.0,0.0,0.0,0.0,0.0,0.0,0.0,0.0
105870,Radha Kannan,102.0,0.0,0.0,0.0,0.0,0.0,0.0,0.0,0.0,0.0,0.0
105900,Malin Landro Olsen,24.0,6.0,68.0,26.0,0.0,0.0,0.0,0.0,0.0,0.0,0.0
105901,Silje Lindseth,4.0,61.0,91.0,47.0,52.0,0.0,0.0,0.0,0.0,0.0,0.0
105904,Kari-Anne Gabrielsen,0.0,0.0,0.0,0.0,0.0,0.0,0.0,0.0,0.0,0.0,0.0
105935,Hanne Soltvedt,0.0,0.0,0.0,0.0,0.0,0.0,0.0,0.0,0.0,0.0,0.0
105936,Tale Holmedal,0.0,0.0,0.0,0.0,0.0,0.0,0.0,0.0,0.0,0.0,0.0
106161,Marit Louise Ulvang,20.0,48.0,37.0,36.0,0.0,0.0,0.0,0.0,0.0,0.0,0.0
106184,Sofie Vorren,0.0,0.0,0.0,0.0,0.0,0.0,0.0,0.0,0.0,0.0,0.0
106185,Synnøve Solheim,0.0,0.0,0.0,0.0,0.0,0.0,0.0,0.0,0.0,0.0,0.0
106220,Camilla Stokkaune,12.0,78.0,38.0,8.0,71.0,34.0,4.0,2.0,25.0,76.0,102.0
106237,Christine Skarding Rogne,32.0,0.0,0.0,0.0,0.0,0.0,0.0,0.0,0.0,0.0,0.0
106294,Emma Daae,0.0,0.0,0.0,0.0,0.0,0.0,0.0,0.0,0.0,0.0,0.0
106306,Kirsten Jeppesen,29.0,31.0,58.0,0.0,0.0,0.0,0.0,0.0,0.0,0.0,0.0
106344,Hege Skagun,6.0,0.0,0.0,0.0,0.0,0.0,0.0,0.0,0.0,0.0,0.0
106349,Hilary Tuominen,16.0,15.0,0.0,0.0,0.0,0.0,0.0,0.0,0.0,0.0,0.0
106357,Ina Stenkjær,8.0,32.0,14.0,38.0,0.0,22.0,4.0,0.0,0.0,4.0,0.0
106380,Patricia Ysabel Sosa,4.0,6.0,15.0,7.0,0.0,0.0,0.0,0.0,0.0,0.0,0.0
106439,Zorana Miljevic,8.0,0.0,0.0,0.0,0.0,0.0,0.0,0.0,0.0,0.0,0.0
106455,Bernadette Somoza,0.0,0.0,0.0,0.0,0.0,0.0,0.0,0.0,0.0,0.0,0.0
106471,Hanh-Thien Vo,0.0,0.0,0.0,0.0,0.0,0.0,0.0,0.0,0.0,0.0,0.0
106472,Marita Bjørnstad,0.0,0.0,0.0,0.0,0.0,0.0,0.0,0.0,0.0,0.0,0.0
106481,Aina Mogstad,2.0,0.0,0.0,0.0,0.0,0.0,0.0,0.0,0.0,0.0,0.0
106496,Daniela Lepri,83.0,0.0,0.0,0.0,0.0,0.0,0.0,0.0,0.0,0.0,0.0
106513,Benedicte Cappelen,7.0,1.0,0.0,0.0,0.0,0.0,0.0,0.0,0.0,0.0,0.0
106535,Coralie Quadrie,0.0,0.0,0.0,0.0,0.0,0.0,0.0,0.0,0.0,0.0,0.0
106537,Rowena Lindberg,178.0,14.0,52.0,30.0,58.0,17.0,0.0,0.0,0.0,47.0,31.0
106618,Ngamata Pedersen,0.0,0.0,0.0,0.0,0.0,0.0,0.0,0.0,0.0,0.0,0.0
106641,Simran Kaur,26.0,23.0,0.0,13.0,0.0,0.0,0.0,0.0,0.0,0.0,0.0
106668,Liubov Shitsco,32.0,12.0,0.0,14.0,0.0,0.0,0.0,0.0,0.0,0.0,0.0
106669,Anna Chernova,20.0,8.0,9.0,12.0,10.0,4.0,0.0,0.0,0.0,0.0,0.0
106670,Ekaterina Ankhimova,32.0,15.0,12.0,0.0,0.0,0.0,0.0,0.0,0.0,0.0,0.0
106673,Polina Belyaeva,16.0,0.0,0.0,0.0,0.0,0.0,0.0,0.0,0.0,0.0,0.0
106716,Shoko Park,0.0,0.0,0.0,0.0,0.0,0.0,0.0,0.0,0.0,0.0,0.0
106808,Tessa Barnett,0.0,0.0,0.0,0.0,0.0,0.0,0.0,0.0,0.0,0.0,0.0
106819,Emilie Sommer,12.0,12.0,0.0,0.0,0.0,0.0,0.0,0.0,0.0,0.0,0.0
106830,Vivi Duong,0.0,0.0,0.0,0.0,0.0,0.0,0.0,0.0,0.0,0.0,0.0
106853,Trine Heimdal,7.0,5.0,8.0,20.0,2.0,0.0,0.0,0.0,0.0,0.0,0.0
106859,Sophie Thorell,0.0,0.0,0.0,0.0,0.0,0.0,0.0,0.0,0.0,0.0,0.0
106866,Julie Marie Nesbø,1.0,17.0,0.0,0.0,0.0,0.0,0.0,0.0,0.0,0.0,0.0
106949,Marijke Taverne,42.0,90.0,70.0,38.0,0.0,0.0,0.0,0.0,0.0,0.0,0.0
106960,Elena Botcharova Ellingsen,25.0,39.0,26.0,25.0,2.0,52.0,10.0,0.0,2.0,0.0,0.0
106962,Hrönn Reynisdòttir,0.0,0.0,0.0,0.0,0.0,0.0,0.0,0.0,0.0,0.0,0.0
106996,Jenny Chen,116.0,58.0,50.0,60.0,0.0,24.0,40.0,0.0,10.0,0.0,0.0
106997,Elena Severina,6.0,0.0,0.0,0.0,0.0,0.0,0.0,0.0,0.0,0.0,0.0
107005,Elisabeth Vatnehol Straumsheim,74.0,72.0,0.0,0.0,0.0,0.0,0.0,0.0,0.0,0.0,0.0
107008,Randi Rolvsjord,43.0,76.0,44.0,11.0,48.0,80.0,39.0,0.0,9.0,0.0,0.0
107080,Nordis Østerås Sandberg,4.0,74.0,66.0,82.0,0.0,0.0,14.0,0.0,3.0,0.0,0.0
107087,Nina Stenkjær,4.0,8.0,10.0,23.0,0.0,0.0,0.0,0.0,0.0,0.0,0.0
107088,Tove Kaldestad Buhl,13.0,0.0,14.0,0.0,0.0,0.0,0.0,0.0,0.0,0.0,0.0
107099,Elise Sand,10.0,7.0,1.0,0.0,0.0,0.0,0.0,0.0,0.0,0.0,0.0
107119,Ellen Smith-Meyer,1.0,1.0,0.0,2.0,0.0,0.0,0.0,0.0,0.0,0.0,0.0
107138,Vanja H Hartvigsen,8.0,0.0,0.0,0.0,0.0,0.0,0.0,0.0,0.0,0.0,0.0
107158,Ann-Kristin Lenning,3.0,1.0,2.0,0.0,0.0,0.0,0.0,0.0,0.0,0.0,0.0
107165,Astrid Bognøy,7.0,0.0,0.0,0.0,10.0,0.0,0.0,0.0,0.0,0.0,0.0
107171,Sara Annuswer,12.0,0.0,0.0,0.0,0.0,0.0,0.0,0.0,0.0,0.0,0.0
107178,Olga Öberg,4.0,1.0,0.0,0.0,0.0,0.0,0.0,0.0,0.0,0.0,0.0
107205,Julie Langeland Risa,7.0,7.0,0.0,14.0,38.0,44.0,27.0,0.0,38.0,34.0,68.0
107325,Katherine Stott,72.0,55.0,69.0,24.0,0.0,0.0,0.0,0.0,0.0,0.0,0.0
107329,Liping Mu,15.0,52.0,0.0,14.0,0.0,0.0,0.0,0.0,0.0,0.0,0.0
107366,Åse  Wallin,12.0,30.0,0.0,0.0,0.0,0.0,0.0,0.0,0.0,1.0,1.0
107368,Cecilie Bäckström,10.0,0.0,1.0,0.0,0.0,0.0,0.0,0.0,0.0,0.0,0.0
107372,Rebecca Eliasson,12.0,0.0,0.0,0.0,0.0,0.0,0.0,0.0,0.0,0.0,0.0
107398,Heidi Moe,0.0,0.0,0.0,0.0,0.0,0.0,0.0,0.0,0.0,0.0,0.0
107403,Marianne Mikalsen,6.0,0.0,0.0,0.0,0.0,0.0,0.0,0.0,0.0,0.0,0.0
107434,Ninna Jensen,16.0,14.0,0.0,0.0,0.0,0.0,0.0,0.0,0.0,0.0,0.0
107460,Susanne  Heinicke,68.0,0.0,0.0,0.0,0.0,0.0,0.0,0.0,0.0,0.0,0.0
107470,Frances Gerono,0.0,0.0,0.0,0.0,0.0,0.0,0.0,0.0,0.0,0.0,0.0
107473,Faranak Kheirabadi,96.0,94.0,110.0,0.0,0.0,0.0,0.0,0.0,0.0,0.0,0.0
107475,Vibeke Knappskog Olsen,60.0,52.0,20.0,0.0,0.0,0.0,0.0,0.0,0.0,0.0,0.0
107481,Sarah M. Braathen,0.0,0.0,0.0,0.0,0.0,0.0,0.0,0.0,0.0,0.0,0.0
107493,Marita Hauso,16.0,0.0,0.0,0.0,0.0,0.0,0.0,0.0,0.0,0.0,0.0
107494,Kjerstin Brede Teigen,9.0,0.0,0.0,0.0,0.0,0.0,0.0,0.0,0.0,0.0,0.0
107495,Monika Haugland,4.0,0.0,0.0,0.0,0.0,0.0,0.0,0.0,0.0,0.0,0.0
107504,Ann-Helene Johansson,33.0,0.0,0.0,0.0,9.0,11.0,0.0,0.0,0.0,0.0,0.0
107507,Janne Ellingsen ,65.0,0.0,20.0,0.0,0.0,0.0,0.0,0.0,0.0,0.0,0.0
107514,Lillian Sæverud,0.0,0.0,0.0,0.0,0.0,0.0,0.0,0.0,0.0,0.0,0.0
107515,Silje Kleppe,0.0,0.0,0.0,0.0,0.0,0.0,0.0,0.0,0.0,0.0,0.0
107523,Julie Stamenic,2.0,0.0,0.0,0.0,0.0,0.0,0.0,0.0,0.0,0.0,0.0
107524,Justine Hanguehard,2.0,0.0,0.0,0.0,0.0,0.0,0.0,0.0,0.0,0.0,0.0
107552,Cathrine Fossdal,4.0,12.0,0.0,0.0,0.0,0.0,0.0,0.0,0.0,0.0,0.0
107557,Ingrid Søraa,1.0,1.0,0.0,0.0,0.0,0.0,0.0,0.0,0.0,0.0,0.0
107558,Florine Tang,150.0,0.0,0.0,0.0,0.0,0.0,0.0,0.0,0.0,0.0,0.0
107559,Pauline Perdrix,44.0,0.0,0.0,0.0,0.0,0.0,0.0,0.0,0.0,0.0,0.0
107577,Johanna Palomäki,8.0,0.0,0.0,0.0,0.0,0.0,0.0,0.0,0.0,0.0,0.0
107583,Lisa-Marie Thompson,16.0,0.0,0.0,0.0,0.0,0.0,0.0,0.0,0.0,0.0,0.0
107673,Ingeborg Halvorsen,4.0,17.0,24.0,32.0,36.0,14.0,5.0,0.0,4.0,0.0,0.0
107679,Anne Kristiansen,4.0,0.0,0.0,0.0,0.0,0.0,0.0,0.0,0.0,0.0,0.0
107759,Elise Tetlimo,0.0,0.0,0.0,0.0,0.0,0.0,0.0,0.0,0.0,0.0,0.0
107770,Raissa Tsynkalovskaia,0.0,0.0,0.0,0.0,0.0,0.0,0.0,0.0,0.0,0.0,0.0
107778,Anita Aasebø ,6.0,0.0,0.0,0.0,0.0,0.0,0.0,0.0,0.0,0.0,0.0
107782,Randi  Hindrum Dahl,6.0,0.0,0.0,0.0,0.0,0.0,0.0,0.0,0.0,0.0,0.0
107851,Hilde Kristine Aurstad Rennan,5.0,2.0,7.0,0.0,21.0,0.0,0.0,0.0,0.0,0.0,0.0
107875,Trude Stokkebekk,34.0,0.0,0.0,0.0,0.0,0.0,0.0,0.0,0.0,0.0,0.0
107877,Michelle  Granhaug,10.0,0.0,0.0,0.0,0.0,0.0,0.0,0.0,0.0,0.0,0.0
107917,Line Klæbo,2.0,2.0,6.0,36.0,41.0,21.0,0.0,0.0,108.0,128.0,48.0
107919,Lone Hopstad,4.0,6.0,2.0,7.0,4.0,0.0,0.0,0.0,7.0,0.0,6.0
107946,Yngvild  Buraas,10.0,24.0,0.0,25.0,41.0,54.0,26.0,0.0,28.0,66.0,0.0
107962,Maiken Lied Berntzen,4.0,0.0,0.0,0.0,0.0,0.0,0.0,0.0,0.0,0.0,0.0
107965,Anne Knudsen,1.0,1.0,0.0,0.0,0.0,0.0,0.0,0.0,0.0,0.0,0.0
107977,June Skaar,0.0,0.0,0.0,0.0,0.0,0.0,0.0,0.0,0.0,0.0,0.0
108038,Tonje Urskog,4.0,0.0,0.0,0.0,0.0,0.0,0.0,0.0,0.0,0.0,0.0
108044,Nutsorn Holbø,2.0,0.0,0.0,0.0,0.0,0.0,0.0,0.0,0.0,0.0,0.0
108045,Sofie Langnes,1.0,0.0,0.0,0.0,0.0,0.0,0.0,0.0,0.0,0.0,0.0
108048,Gunbjørg Flåten Kvernøy,27.0,0.0,0.0,0.0,0.0,0.0,0.0,0.0,0.0,0.0,0.0
108057,Britt Torill M Mathiesen,25.0,0.0,0.0,0.0,0.0,0.0,0.0,0.0,0.0,0.0,0.0
108058,Ingunn E. Myklebust,27.0,0.0,0.0,0.0,0.0,0.0,0.0,0.0,0.0,0.0,0.0
108069,Laura Bakker,6.0,3.0,0.0,0.0,0.0,0.0,0.0,0.0,0.0,0.0,0.0
108093,Randi  Simonsen,11.0,20.0,0.0,0.0,0.0,0.0,0.0,0.0,0.0,0.0,0.0
108126,Irina Beloshitckaia,24.0,9.0,0.0,0.0,4.0,8.0,2.0,0.0,0.0,0.0,0.0
108127,Anastasiia Samoilova,12.0,0.0,0.0,0.0,0.0,0.0,0.0,0.0,0.0,0.0,0.0
108132,Olga Maksakova,8.0,0.0,0.0,0.0,0.0,0.0,0.0,0.0,0.0,0.0,0.0
108147,Ingeborg Ousland,4.0,0.0,43.0,0.0,0.0,0.0,0.0,0.0,0.0,0.0,0.0
108261,Emma Helen Hanssen,1.0,0.0,0.0,0.0,0.0,0.0,0.0,0.0,0.0,0.0,0.0
108262,Ingvild Berg,1.0,4.0,0.0,0.0,0.0,0.0,0.0,0.0,0.0,0.0,0.0
108271,Silje Jakobsen,1.0,0.0,0.0,0.0,0.0,0.0,0.0,0.0,0.0,0.0,0.0
108272,Tonje Hansen,1.0,0.0,0.0,0.0,0.0,0.0,0.0,0.0,0.0,0.0,0.0
108299,Gunilla Løvgården,0.0,0.0,0.0,0.0,0.0,0.0,0.0,0.0,0.0,0.0,0.0
108367,Kjersti Nordås,1.0,0.0,0.0,0.0,0.0,0.0,0.0,0.0,0.0,0.0,0.0
112605,Elisabeth Hjellegjerde Skog,84.0,38.0,0.0,22.0,8.0,0.0,0.0,0.0,7.0,41.0,42.0
100030,Kari H. Berntsen,0.0,21.0,18.0,27.0,0.0,0.0,0.0,0.0,0.0,0.0,0.0
100097,Terese Owesen,0.0,61.0,184.0,60.0,12.0,40.0,0.0,0.0,4.0,0.0,0.0
100374,Sara Kværnø Saugen,0.0,16.0,0.0,24.0,48.0,34.0,0.0,0.0,0.0,0.0,0.0
100830,Charlotte Aase,0.0,105.0,172.0,51.0,46.0,42.0,48.0,0.0,192.0,145.0,67.0
100950,Heidi Larsson Kleveland,0.0,152.0,168.0,68.0,116.0,86.0,32.0,0.0,8.0,0.0,0.0
100998,Barbro Johnsen,0.0,4.0,0.0,0.0,0.0,8.0,14.0,0.0,3.0,26.0,0.0
101042,Aina Anmarkrud,0.0,30.0,18.0,0.0,1.0,0.0,0.0,0.0,0.0,0.0,15.0
101053,Ulrikke V. Mitchell,0.0,0.0,0.0,0.0,0.0,0.0,0.0,0.0,0.0,0.0,0.0
101087,Gitte Gandborg,0.0,28.0,0.0,0.0,0.0,58.0,54.0,0.0,57.0,18.0,0.0
101326,Maren Rasmussen,0.0,0.0,0.0,0.0,0.0,0.0,0.0,0.0,0.0,0.0,0.0
101413,Trude Aadland,0.0,10.0,30.0,0.0,0.0,0.0,0.0,0.0,0.0,0.0,0.0
101435,Synne Lund,0.0,46.0,0.0,0.0,0.0,0.0,0.0,0.0,0.0,0.0,0.0
101446,Ingrid Rønningen Stav,0.0,140.0,0.0,0.0,0.0,0.0,0.0,0.0,0.0,0.0,0.0
101479,Camilla Aadland,0.0,76.0,18.0,0.0,0.0,0.0,0.0,0.0,0.0,0.0,0.0
101510,Anita Olsen,0.0,6.0,116.0,42.0,18.0,0.0,0.0,0.0,0.0,0.0,0.0
101656,Lisa Solheim,0.0,0.0,0.0,0.0,0.0,0.0,0.0,0.0,0.0,0.0,0.0
101691,Tiril Kristine Tanum,0.0,98.0,80.0,60.0,148.0,80.0,0.0,0.0,0.0,0.0,0.0
101750,Anne Lisbet Flåten,0.0,7.0,0.0,0.0,8.0,0.0,0.0,0.0,0.0,0.0,0.0
101896,Hildegunn Måøy,0.0,6.0,0.0,0.0,0.0,8.0,8.0,6.0,5.0,0.0,0.0
101908,Anna W. Nedrehegg,0.0,58.0,0.0,10.0,0.0,0.0,10.0,0.0,2.0,0.0,0.0
102167,Malin Solberg,0.0,70.0,130.0,100.0,26.0,0.0,0.0,0.0,0.0,72.0,12.0
102174,Anita Knudsen,0.0,0.0,0.0,0.0,0.0,0.0,0.0,0.0,0.0,0.0,0.0
102216,Ingrid Hornnes,0.0,4.0,50.0,0.0,0.0,0.0,0.0,0.0,0.0,0.0,0.0
102342,Nina Skogseth,0.0,8.0,0.0,0.0,0.0,0.0,0.0,0.0,0.0,0.0,0.0
102567,Elisa Z Johansen,0.0,11.0,0.0,0.0,0.0,0.0,0.0,0.0,0.0,0.0,0.0
102704,Lene Bjordal,0.0,36.0,15.0,31.0,0.0,28.0,31.0,0.0,7.0,0.0,0.0
102777,Inger Kristiansen,0.0,13.0,0.0,0.0,30.0,0.0,7.0,0.0,1.0,0.0,10.0
103145,Emma Wåland,0.0,42.0,202.0,64.0,228.0,644.0,176.0,192.0,40.0,0.0,0.0
103488,Heti Kusyanti,0.0,36.0,0.0,38.0,63.0,32.0,0.0,0.0,0.0,0.0,0.0
103489,Anja Birgitte Kronborg,0.0,20.0,0.0,0.0,0.0,0.0,0.0,0.0,0.0,0.0,0.0
103675,Kristin Wold,0.0,1.0,0.0,0.0,0.0,0.0,0.0,0.0,0.0,0.0,0.0
103991,Julie Kristin Vatterholm,0.0,50.0,60.0,28.0,67.0,6.0,0.0,0.0,0.0,14.0,0.0
104246,Kristine Haugland,0.0,17.0,0.0,0.0,0.0,0.0,11.0,0.0,2.0,0.0,0.0
104251,Sofie Hansen,0.0,1.0,0.0,0.0,0.0,0.0,0.0,0.0,0.0,0.0,0.0
104514,Unni Sissel Eidså,0.0,10.0,0.0,0.0,0.0,0.0,0.0,0.0,0.0,0.0,0.0
104549,Hanne Smittil Høksnes,0.0,2.0,0.0,72.0,4.0,2.0,0.0,0.0,0.0,0.0,0.0
104857,Lisa Olsen Berg,0.0,14.0,0.0,166.0,134.0,4.0,0.0,0.0,130.0,186.0,9.0
104925,Anne Marthe Svensen,0.0,31.0,50.0,54.0,19.0,0.0,0.0,0.0,0.0,12.0,20.0
105010,Marianne Lie,0.0,44.0,53.0,138.0,76.0,22.0,0.0,0.0,2.0,0.0,0.0
105103,Mette Skjævesland Pedersen,0.0,1.0,20.0,73.0,130.0,194.0,102.0,0.0,125.0,24.0,34.0
105188,Tyra Friisenfeldt,0.0,4.0,7.0,84.0,66.0,198.0,76.0,0.0,55.0,174.0,100.0
105201,Sophie Larsen,0.0,7.0,4.0,2.0,1.0,1.0,0.0,0.0,0.0,0.0,0.0
105206,Ingvild Håland,0.0,13.0,19.0,150.0,178.0,176.0,78.0,0.0,130.0,330.0,132.0
105219,Mei Yang,0.0,64.0,84.0,116.0,74.0,46.0,47.0,0.0,73.0,74.0,82.0
105253,Hanne Nesse,0.0,26.0,6.0,39.0,0.0,0.0,0.0,0.0,0.0,0.0,0.0
105347,Anne-Emilie Larsen,0.0,2.0,25.0,87.0,58.0,0.0,0.0,0.0,0.0,0.0,0.0
105434,Andrea Marie Engeseth,0.0,0.0,0.0,0.0,0.0,0.0,0.0,0.0,0.0,0.0,0.0
105481,Tonje Cecilie Osmundsen,0.0,7.0,0.0,0.0,0.0,0.0,10.0,0.0,1.0,0.0,0.0
105559,Victoria Smestadmoen,0.0,1.0,17.0,202.0,142.0,0.0,0.0,0.0,0.0,0.0,0.0
105565,Maja Eggøy Olson,0.0,44.0,0.0,14.0,0.0,0.0,0.0,0.0,0.0,0.0,0.0
105643,Anna Louise Fjelldal,0.0,13.0,42.0,0.0,0.0,0.0,0.0,0.0,0.0,0.0,0.0
105677,Solveig Heggheim,0.0,2.0,0.0,0.0,0.0,0.0,0.0,0.0,0.0,0.0,0.0
105685,Miriam Stensland,0.0,6.0,47.0,10.0,0.0,0.0,0.0,0.0,0.0,0.0,0.0
105694,Aileen Paulsen,0.0,6.0,0.0,0.0,0.0,0.0,0.0,0.0,0.0,0.0,0.0
105946,Mariann Andreassen,0.0,20.0,46.0,81.0,102.0,138.0,104.0,0.0,104.0,35.0,41.0
105985,Marianne Barstad,0.0,0.0,0.0,0.0,0.0,0.0,0.0,0.0,0.0,0.0,0.0
106116,Nora Uri Malterud,0.0,1.0,6.0,16.0,8.0,38.0,0.0,0.0,0.0,0.0,60.0
106147,Tiril Tande,0.0,1.0,0.0,0.0,0.0,0.0,0.0,0.0,0.0,0.0,0.0
106148,Via Tande,0.0,2.0,0.0,0.0,0.0,0.0,0.0,0.0,0.0,0.0,0.0
106153,Annie Gundersen,0.0,0.0,0.0,0.0,0.0,0.0,0.0,0.0,0.0,0.0,0.0
106165,Linea Borch,0.0,0.0,0.0,0.0,0.0,0.0,0.0,0.0,0.0,0.0,0.0
106244,Augusta Sverdrup Alfnes,0.0,0.0,0.0,0.0,0.0,0.0,0.0,0.0,0.0,0.0,0.0
106445,Tora Vik Langhammer,0.0,8.0,40.0,44.0,94.0,13.0,0.0,0.0,0.0,0.0,0.0
106482,Jenny Rajkumar,0.0,88.0,8.0,42.0,84.0,293.0,406.0,208.0,207.0,14.0,107.0
106486,Jolanta Franaszczuk,0.0,13.0,0.0,29.0,14.0,0.0,35.0,0.0,8.0,0.0,0.0
106795,Alena Labutova,0.0,8.0,0.0,0.0,0.0,0.0,0.0,0.0,0.0,0.0,0.0
106820,Anna Petersen,0.0,12.0,0.0,0.0,0.0,0.0,0.0,0.0,0.0,0.0,0.0
106968,Hege Kristin Saugen,0.0,4.0,0.0,0.0,0.0,0.0,0.0,0.0,0.0,0.0,0.0
107054,Julie Grande Ødegårdstuen,0.0,140.0,210.0,188.0,308.0,300.0,230.0,0.0,94.0,274.0,120.0
107176,Anna-Karin Lingblom,0.0,4.0,2.0,0.0,0.0,0.0,0.0,0.0,0.0,0.0,0.0
107299,Angelica  Brovold,0.0,2.0,2.0,0.0,0.0,0.0,0.0,0.0,36.0,16.0,16.0
107376,Felicia Wettainen,0.0,8.0,2.0,3.0,0.0,0.0,0.0,0.0,0.0,0.0,0.0
107425,Astrid Rytter Madsen,0.0,8.0,0.0,0.0,0.0,0.0,0.0,0.0,0.0,0.0,0.0
107459,Sara Andersen,0.0,0.0,0.0,0.0,0.0,0.0,0.0,0.0,0.0,0.0,0.0
107587,Anastasia  Charissa,0.0,7.0,0.0,0.0,0.0,0.0,0.0,0.0,0.0,0.0,0.0
107622,Margrethe Lindtner,0.0,4.0,0.0,0.0,0.0,0.0,0.0,0.0,0.0,0.0,0.0
107634,Julie Kronen,0.0,10.0,6.0,66.0,110.0,22.0,0.0,0.0,0.0,0.0,0.0
107728,Charlotte Svennevig Thuv,0.0,11.0,30.0,0.0,0.0,0.0,0.0,0.0,0.0,0.0,0.0
107793,Asvini Makesan,0.0,0.0,0.0,0.0,0.0,0.0,0.0,0.0,0.0,0.0,0.0
107853,Ingri Karlsen,0.0,1.0,0.0,0.0,0.0,0.0,0.0,0.0,0.0,0.0,0.0
107854,Lene Lura,0.0,1.0,0.0,0.0,0.0,0.0,0.0,0.0,0.0,0.0,0.0
107884,Brith Furuhovde,0.0,1.0,3.0,4.0,0.0,0.0,0.0,0.0,0.0,0.0,0.0
107918,Line Larsen,0.0,2.0,1.0,0.0,0.0,0.0,0.0,0.0,0.0,0.0,0.0
108050,Karoline Hegseth Nordland,0.0,12.0,11.0,18.0,0.0,0.0,0.0,0.0,0.0,0.0,0.0
108091,Anne Thygesen,0.0,14.0,0.0,0.0,0.0,0.0,0.0,0.0,0.0,0.0,0.0
108151,Selie Galami,0.0,8.0,0.0,0.0,0.0,0.0,0.0,0.0,0.0,0.0,0.0
108306,Ingrid Strømme,0.0,10.0,17.0,0.0,0.0,0.0,0.0,0.0,0.0,0.0,0.0
108394,Alda Karen Jònsdòttir,0.0,148.0,369.0,169.0,372.0,176.0,55.0,0.0,223.0,89.0,180.0
108586,Gunn Anita Husby Hegseth,0.0,3.0,3.0,0.0,3.0,0.0,0.0,0.0,0.0,0.0,0.0
108591,Cheryl Yau,0.0,40.0,44.0,0.0,0.0,0.0,0.0,0.0,0.0,0.0,0.0
108593,Raisa Tsynkalovskaya,0.0,11.0,42.0,27.0,0.0,0.0,0.0,0.0,0.0,0.0,0.0
108598,Zoe Fredriksen,0.0,12.0,0.0,0.0,0.0,0.0,0.0,0.0,0.0,0.0,0.0
108602,Tonje Eie Anda,0.0,24.0,0.0,4.0,0.0,0.0,0.0,0.0,0.0,0.0,0.0
108603,Julie Vierdal Stensland,0.0,28.0,0.0,3.0,0.0,0.0,0.0,0.0,0.0,0.0,0.0
108604,Eline Furubotn Overå,0.0,0.0,0.0,0.0,0.0,0.0,0.0,0.0,0.0,0.0,0.0
108605,Riththisha Elathurajan,0.0,0.0,0.0,0.0,0.0,0.0,0.0,0.0,0.0,0.0,0.0
108606,Cecilie Sørøy Hanssen,0.0,2.0,3.0,4.0,0.0,0.0,0.0,0.0,0.0,0.0,0.0
108638,Marion Sicard,0.0,0.0,0.0,0.0,0.0,0.0,0.0,0.0,0.0,0.0,0.0
108641,Liza Vasilieva,0.0,4.0,2.0,0.0,0.0,0.0,0.0,0.0,0.0,0.0,0.0
108664,Louisa Piepenbreier,0.0,0.0,0.0,0.0,0.0,0.0,0.0,0.0,0.0,0.0,0.0
108669,Paula Szalai,0.0,76.0,0.0,126.0,42.0,0.0,0.0,0.0,0.0,0.0,0.0
108682,Elisa Jenssen,0.0,0.0,0.0,0.0,0.0,0.0,0.0,0.0,0.0,0.0,0.0
108688,Pimwipa Sroysuwan,0.0,0.0,0.0,0.0,0.0,0.0,0.0,0.0,0.0,0.0,0.0
108697,Sofie Backström,0.0,8.0,1.0,1.0,0.0,0.0,0.0,0.0,0.0,0.0,0.0
108698,Olga Johansen,0.0,6.0,0.0,0.0,0.0,0.0,0.0,0.0,0.0,0.0,0.0
108714,Amrita Dubey,0.0,3.0,1.0,9.0,19.0,0.0,0.0,0.0,0.0,0.0,0.0
108716,Johanna Gundersen,0.0,0.0,0.0,0.0,0.0,0.0,0.0,0.0,0.0,0.0,0.0
108717,Eva Geiling,0.0,46.0,0.0,0.0,0.0,0.0,0.0,0.0,0.0,0.0,0.0
108778,Sigrid Beate Jakobsen,0.0,1.0,0.0,0.0,0.0,0.0,0.0,0.0,0.0,0.0,0.0
108787,Eline Malde,0.0,4.0,0.0,0.0,0.0,0.0,0.0,0.0,0.0,0.0,0.0
108822,Kashmira Joglekar,0.0,30.0,0.0,0.0,0.0,0.0,0.0,0.0,20.0,0.0,0.0
108833,Eline Lindøe Nitter,0.0,40.0,30.0,1.0,3.0,2.0,0.0,0.0,0.0,0.0,0.0
108834,Anna Chikowska,0.0,6.0,0.0,0.0,0.0,0.0,0.0,0.0,0.0,0.0,0.0
108835,Mariell Strømø,0.0,20.0,0.0,0.0,0.0,0.0,0.0,0.0,0.0,0.0,0.0
108836,Kirsten Smith,0.0,48.0,28.0,40.0,56.0,42.0,8.0,0.0,2.0,0.0,0.0
108838,Renate Visnes,0.0,0.0,0.0,0.0,0.0,0.0,0.0,0.0,0.0,0.0,0.0
108840,Christina Opheim,0.0,7.0,20.0,21.0,10.0,21.0,0.0,0.0,0.0,0.0,0.0
108875,Majken Wærdahl ,0.0,4.0,14.0,20.0,47.0,78.0,40.0,0.0,10.0,0.0,0.0
108986,Siv Solum Buvik ,0.0,2.0,0.0,1.0,0.0,0.0,0.0,0.0,0.0,3.0,3.0
109008,Emma Lindberg,0.0,8.0,0.0,0.0,1.0,1.0,0.0,0.0,0.0,0.0,0.0
109062,Solveig Ulvestad,0.0,1.0,0.0,0.0,0.0,0.0,0.0,0.0,0.0,0.0,0.0
109091,Ragne Schøyen,0.0,23.0,0.0,0.0,0.0,0.0,0.0,0.0,0.0,0.0,0.0
109097,Sigrid Våbenø Berg,0.0,1.0,0.0,30.0,45.0,0.0,0.0,0.0,0.0,0.0,0.0
109100,Ingrid Stai,0.0,1.0,0.0,0.0,0.0,0.0,0.0,0.0,0.0,0.0,0.0
109117,Hanna Ovidth,0.0,5.0,4.0,0.0,0.0,0.0,0.0,0.0,0.0,0.0,0.0
109134,Aase Aurbakken Rusten,0.0,25.0,0.0,0.0,0.0,0.0,0.0,0.0,0.0,0.0,0.0
109138,Vy Nha Pham,0.0,3.0,0.0,0.0,0.0,0.0,0.0,0.0,0.0,0.0,0.0
109148,Stine Cathrin Karlsson,0.0,1.0,0.0,0.0,0.0,0.0,0.0,0.0,0.0,0.0,0.0
109152,Angelika Grande,0.0,2.0,2.0,13.0,11.0,0.0,0.0,0.0,0.0,0.0,0.0
109153,Lena Hermesdorf,0.0,14.0,0.0,0.0,0.0,0.0,0.0,0.0,0.0,0.0,0.0
109159,Katrin Dätwyler,0.0,72.0,0.0,12.0,0.0,0.0,0.0,0.0,0.0,0.0,0.0
109214,Amalie Berstad,0.0,1.0,3.0,3.0,2.0,0.0,1.0,0.0,0.0,0.0,0.0
109254,Lindsay Sellinger,0.0,0.0,0.0,0.0,0.0,0.0,0.0,0.0,0.0,0.0,0.0
109261,Hanne Wågan Olsen,0.0,1.0,0.0,0.0,0.0,0.0,0.0,0.0,0.0,0.0,0.0
109270,Elisabeth Dagsland,0.0,0.0,0.0,0.0,0.0,0.0,0.0,0.0,0.0,0.0,0.0
109274,Synnøve Hjortland Carlsen,0.0,0.0,0.0,0.0,0.0,0.0,0.0,0.0,0.0,0.0,0.0
109282,Kari Åker,0.0,2.0,4.0,0.0,0.0,0.0,0.0,0.0,0.0,0.0,0.0
109309,Mariia Bereznikova,0.0,6.0,0.0,0.0,0.0,0.0,0.0,0.0,0.0,0.0,0.0
109311,Alexandra Shuvalova,0.0,4.0,0.0,0.0,0.0,0.0,0.0,0.0,0.0,0.0,0.0
100168,Kirsten Gulbrandsen,0.0,0.0,14.0,14.0,7.0,0.0,0.0,0.0,0.0,0.0,0.0
100170,Tone Gulbrandsen,0.0,0.0,66.0,74.0,0.0,26.0,0.0,0.0,0.0,0.0,0.0
100550,Minh Nhu Thai,0.0,0.0,38.0,0.0,0.0,0.0,0.0,0.0,60.0,79.0,14.0
100568,Tonje Andersen,0.0,0.0,4.0,6.0,2.0,0.0,0.0,0.0,0.0,0.0,0.0
100704,Maria Jakobsen,0.0,0.0,1.0,2.0,0.0,0.0,0.0,0.0,0.0,0.0,0.0
100921,Synnøve Furholm,0.0,0.0,4.0,38.0,0.0,24.0,2.0,0.0,64.0,38.0,46.0
100943,Linn Aasland,0.0,0.0,10.0,0.0,12.0,0.0,0.0,0.0,0.0,6.0,6.0
101005,Tina Austnes,0.0,0.0,6.0,0.0,6.0,2.0,0.0,0.0,0.0,0.0,0.0
101509,Hilde Vatterholm,0.0,0.0,60.0,0.0,0.0,0.0,0.0,0.0,0.0,0.0,0.0
101611,Marit Isaksen,0.0,0.0,10.0,1.0,2.0,0.0,0.0,0.0,0.0,0.0,0.0
101881,Rikke Skjærvold,0.0,0.0,2.0,2.0,0.0,0.0,0.0,0.0,0.0,0.0,0.0
102315,Berit Eide,0.0,0.0,4.0,0.0,0.0,0.0,0.0,0.0,0.0,0.0,0.0
102541,Oda Lauten,0.0,0.0,82.0,0.0,0.0,0.0,0.0,0.0,0.0,0.0,0.0
102775,Ernst Georg Olsen,0.0,0.0,0.0,0.0,0.0,0.0,0.0,0.0,0.0,0.0,0.0
102784,Irene Pryhn,0.0,0.0,4.0,2.0,0.0,0.0,0.0,0.0,0.0,0.0,0.0
103289,Natalie K. Grefslie,0.0,0.0,4.0,0.0,0.0,0.0,0.0,0.0,0.0,0.0,0.0
103355,Mari Lindsetmo,0.0,0.0,1.0,2.0,0.0,0.0,0.0,0.0,0.0,2.0,0.0
103494,Rikke Østhassel,0.0,0.0,112.0,160.0,106.0,48.0,0.0,0.0,0.0,0.0,28.0
103520,Thea Tønnesen,0.0,0.0,138.0,84.0,0.0,0.0,0.0,0.0,0.0,0.0,0.0
103712,Sophie Bergland,0.0,0.0,0.0,0.0,0.0,0.0,0.0,0.0,0.0,0.0,0.0
103720,Emily Linn Wallace,0.0,0.0,4.0,14.0,11.0,36.0,0.0,0.0,13.0,0.0,0.0
103828,Hilde Parnemann,0.0,0.0,32.0,26.0,14.0,14.0,0.0,0.0,0.0,0.0,0.0
104278,Live Hov Grønbech,0.0,0.0,4.0,38.0,104.0,84.0,368.0,229.0,297.0,124.0,0.0
104436,Emma Søvik,0.0,0.0,12.0,43.0,68.0,6.0,0.0,0.0,108.0,102.0,34.0
104485,Marie Langeland,0.0,0.0,24.0,39.0,1.0,0.0,0.0,0.0,0.0,0.0,0.0
104491,Johanne Johnsen,0.0,0.0,4.0,0.0,0.0,0.0,0.0,0.0,0.0,0.0,0.0
104494,Trine Andreassen,0.0,0.0,6.0,0.0,2.0,0.0,0.0,0.0,0.0,0.0,0.0
105367,Thelma Lovise Flaat-Gåsbakk,0.0,0.0,1.0,1.0,0.0,0.0,1.0,0.0,0.0,0.0,0.0
105408,Julie Marie Andersen Abusdal,0.0,0.0,8.0,142.0,98.0,230.0,232.0,96.0,638.0,24.0,152.0
105436,Moana Vadseth Furholm,0.0,0.0,24.0,55.0,20.0,4.0,0.0,0.0,38.0,40.0,12.0
105606,Ingrid Gåsbakk,0.0,0.0,28.0,92.0,88.0,142.0,40.0,0.0,108.0,28.0,0.0
105826,Aimee Hong,0.0,0.0,110.0,33.0,0.0,0.0,0.0,0.0,0.0,0.0,0.0
105908,Johanne Kristine F. Gunnarshaug,0.0,0.0,3.0,0.0,0.0,0.0,0.0,0.0,0.0,0.0,0.0
106128,Karina Elisabeth Andreassen,0.0,0.0,2.0,6.0,6.0,6.0,0.0,0.0,0.0,0.0,0.0
106221,Marte Stokkaune,0.0,0.0,10.0,18.0,92.0,98.0,100.0,8.0,125.0,58.0,24.0
106312,Annagha Mital,0.0,0.0,42.0,30.0,0.0,0.0,0.0,0.0,0.0,0.0,0.0
106447,Tuva Bjørbekk,0.0,0.0,98.0,46.0,32.0,0.0,0.0,0.0,0.0,40.0,58.0
106466,Therese Nguyen,0.0,0.0,88.0,4.0,0.0,0.0,0.0,0.0,0.0,0.0,0.0
106579,Malen Hammer,0.0,0.0,0.0,0.0,0.0,0.0,0.0,0.0,0.0,0.0,0.0
106674,Aleksandra Khrenova,0.0,0.0,1.0,0.0,0.0,0.0,0.0,0.0,0.0,0.0,0.0
106794,Arina Koraeva,0.0,0.0,1.0,0.0,0.0,10.0,0.0,0.0,0.0,0.0,0.0
106840,Øygunn Varpe,0.0,0.0,2.0,0.0,0.0,0.0,0.0,0.0,0.0,0.0,0.0
106964,Ingrid Småvollan,0.0,0.0,14.0,0.0,0.0,0.0,0.0,0.0,0.0,0.0,0.0
107059,Rikke-Yang Han Ying Østvig,0.0,0.0,4.0,0.0,0.0,0.0,0.0,0.0,0.0,0.0,0.0
107130,Marie  Mørk,0.0,0.0,24.0,176.0,112.0,460.0,417.0,156.0,1357.0,1048.0,244.0
107220,Celine Lilleng,0.0,0.0,0.0,0.0,0.0,0.0,0.0,0.0,0.0,0.0,0.0
107429,Henriette  Ellingsen,0.0,0.0,1.0,3.0,20.0,136.0,40.0,0.0,58.0,4.0,0.0
107637,Malin Kolstrøm,0.0,0.0,6.0,0.0,0.0,0.0,0.0,0.0,0.0,0.0,0.0
107718,Anastasiia Alekseeva,0.0,0.0,6.0,1.0,0.0,0.0,0.0,0.0,0.0,0.0,0.0
107753,Helene Winger,0.0,0.0,4.0,55.0,82.0,32.0,13.0,0.0,3.0,0.0,0.0
107885,Eva Forsaa Åbotsvik,0.0,0.0,6.0,3.0,23.0,38.0,0.0,0.0,42.0,0.0,22.0
107915,Ina Finanger Skog,0.0,0.0,11.0,4.0,4.0,1.0,0.0,0.0,0.0,0.0,0.0
108103,Trude Tveit,0.0,0.0,0.0,0.0,0.0,0.0,0.0,0.0,0.0,0.0,0.0
108109,Christina  Andreassen,0.0,0.0,3.0,2.0,4.0,3.0,0.0,0.0,0.0,0.0,0.0
108135,Hanna Charlotte Wiik,0.0,0.0,0.0,0.0,0.0,0.0,0.0,0.0,0.0,0.0,0.0
108230,Ingrid Sofie Langsjøvold,0.0,0.0,6.0,6.0,6.0,2.0,38.0,0.0,9.0,0.0,0.0
108278,Tha Thluai Hnem Nawl,0.0,0.0,9.0,9.0,3.0,0.0,4.0,0.0,1.0,0.0,0.0
108613,Evelina Chernykh,0.0,0.0,4.0,0.0,6.0,16.0,0.0,0.0,0.0,0.0,0.0
108636,Hege Elisabeth Bakke,0.0,0.0,4.0,0.0,0.0,18.0,13.0,0.0,27.0,14.0,21.0
108744,Rebekka Finanger Skog,0.0,0.0,18.0,8.0,6.0,0.0,1.0,0.0,0.0,0.0,0.0
108757,Anna Chernykh,0.0,0.0,1.0,2.0,3.0,7.0,4.0,0.0,1.0,0.0,0.0
108839,Elzbieta Maliszewska,0.0,0.0,4.0,0.0,0.0,0.0,0.0,0.0,0.0,0.0,0.0
108968,Naida Murtazalieva,0.0,0.0,0.0,0.0,0.0,0.0,0.0,0.0,0.0,0.0,0.0
108988,Tale Hunnestad ,0.0,0.0,2.0,0.0,0.0,0.0,0.0,0.0,0.0,0.0,0.0
109108,Eva Dobreva,0.0,0.0,18.0,28.0,14.0,72.0,76.0,0.0,25.0,0.0,12.0
109168,Deepika Mital,0.0,0.0,70.0,10.0,0.0,24.0,8.0,0.0,19.0,27.0,20.0
109247,Therese Kristoffersen,0.0,0.0,6.0,4.0,2.0,2.0,0.0,0.0,0.0,0.0,0.0
109368,Thea Vatne,0.0,0.0,33.0,28.0,48.0,73.0,0.0,0.0,0.0,0.0,4.0
109369,Helene Hjerde Rødssæteren,0.0,0.0,13.0,34.0,0.0,0.0,0.0,0.0,0.0,0.0,0.0
109370,Hedda Langmark Thomsen,0.0,0.0,7.0,43.0,0.0,0.0,0.0,0.0,0.0,0.0,0.0
109371,Norun R. Fosså,0.0,0.0,50.0,60.0,24.0,28.0,42.0,0.0,52.0,28.0,52.0
109392,Lena Grande,0.0,0.0,9.0,0.0,0.0,0.0,0.0,0.0,0.0,0.0,0.0
109393,Marine Collignon ,0.0,0.0,45.0,27.0,0.0,0.0,0.0,0.0,0.0,0.0,0.0
109394,Sara Bellesen,0.0,0.0,2.0,49.0,78.0,58.0,25.0,0.0,17.0,42.0,40.0
109395,Aude Dufrene,0.0,0.0,73.0,40.0,72.0,64.0,36.0,0.0,8.0,39.0,0.0
109398,Violetta Roskova,0.0,0.0,0.0,0.0,0.0,0.0,0.0,0.0,0.0,0.0,0.0
109407,Sovi Kjølstad,0.0,0.0,2.0,0.0,0.0,0.0,0.0,0.0,0.0,0.0,0.0
109410,Chunlan Zhon,0.0,0.0,14.0,0.0,0.0,0.0,0.0,0.0,0.0,0.0,0.0
109436,Cecilie Sørensen,0.0,0.0,18.0,0.0,0.0,0.0,0.0,0.0,0.0,0.0,0.0
109441,Josefine Holm,0.0,0.0,31.0,0.0,0.0,0.0,0.0,0.0,0.0,0.0,0.0
109469,Elena Bogdanova,0.0,0.0,1.0,3.0,4.0,8.0,2.0,0.0,0.0,0.0,0.0
109496,Julia Schmidtke,0.0,0.0,1.0,0.0,0.0,0.0,0.0,0.0,0.0,0.0,0.0
109547,Hanne Margrethe Sørensen,0.0,0.0,4.0,10.0,2.0,0.0,0.0,0.0,0.0,0.0,0.0
109599,Monica Kvernøy,0.0,0.0,31.0,0.0,0.0,0.0,0.0,0.0,0.0,0.0,0.0
109646,Beate Røsholm,0.0,0.0,41.0,0.0,0.0,0.0,0.0,0.0,0.0,0.0,0.0
109652,Tina Sjursen,0.0,0.0,8.0,6.0,10.0,4.0,0.0,0.0,0.0,0.0,0.0
109699,Clémentine Le Moal,0.0,0.0,50.0,38.0,32.0,50.0,70.0,0.0,17.0,21.0,42.0
109721,Clémentine Le Moal,0.0,0.0,2.0,0.0,0.0,0.0,0.0,0.0,0.0,0.0,0.0
109750,Marita Nornes,0.0,0.0,10.0,0.0,0.0,0.0,0.0,0.0,0.0,0.0,0.0
109768,Anita Aasebø,0.0,0.0,96.0,62.0,12.0,6.0,0.0,0.0,0.0,0.0,0.0
109769,Johanne Salthella,0.0,0.0,39.0,19.0,0.0,0.0,0.0,0.0,0.0,4.0,0.0
109783,Hilde Lehtinen,0.0,0.0,12.0,0.0,0.0,0.0,0.0,0.0,0.0,0.0,0.0
109787,Maiken Kjellesvik Skjørholm,0.0,0.0,4.0,0.0,23.0,16.0,16.0,0.0,48.0,0.0,0.0
109854,Caroline Durif,0.0,0.0,5.0,12.0,1.0,0.0,0.0,0.0,0.0,0.0,0.0
109855,Anna Wingqvist,0.0,0.0,0.0,0.0,0.0,0.0,0.0,0.0,0.0,0.0,0.0
109882,Tina Ellingsen,0.0,0.0,12.0,0.0,0.0,0.0,0.0,0.0,0.0,0.0,0.0
109883,Johanne Mæland,0.0,0.0,10.0,0.0,5.0,0.0,2.0,0.0,0.0,0.0,0.0
109894,Vivi Doung,0.0,0.0,0.0,0.0,0.0,0.0,0.0,0.0,0.0,0.0,0.0
109961,Sada Muhamad,0.0,0.0,1.0,0.0,0.0,0.0,0.0,0.0,0.0,0.0,0.0
109963,Medina Deko,0.0,0.0,2.0,0.0,0.0,0.0,0.0,0.0,0.0,0.0,0.0
109964,Hanin Elahmad ,0.0,0.0,1.0,0.0,0.0,0.0,0.0,0.0,0.0,0.0,0.0
110001,Merethe Lunde,0.0,0.0,8.0,0.0,0.0,0.0,0.0,0.0,0.0,0.0,0.0
110028,Marie Demoulin,0.0,0.0,8.0,0.0,0.0,0.0,0.0,0.0,0.0,0.0,0.0
110067,Elena Nik Dubovenko,0.0,0.0,4.0,0.0,0.0,0.0,0.0,0.0,0.0,0.0,0.0
110070,Irina Storozheva,0.0,0.0,2.0,0.0,0.0,0.0,0.0,0.0,0.0,0.0,0.0
110089,Yohana Herrera Alonso,0.0,0.0,10.0,0.0,0.0,0.0,0.0,0.0,0.0,0.0,0.0
110112,Merete Ruud Tuskin,0.0,0.0,8.0,0.0,0.0,1.0,0.0,0.0,0.0,0.0,24.0
100813,Ingunn Østhassel,0.0,0.0,0.0,48.0,38.0,0.0,0.0,0.0,0.0,0.0,0.0
100864,Kjersti Rishovd,0.0,0.0,0.0,10.0,0.0,0.0,0.0,0.0,0.0,0.0,0.0
101607,Sara Pettersen,0.0,0.0,0.0,2.0,0.0,6.0,0.0,0.0,0.0,0.0,0.0
101734,Julie E. Halvorsen,0.0,0.0,0.0,1.0,0.0,0.0,0.0,0.0,0.0,0.0,0.0
102319,Mona Øyen Bedsted,0.0,0.0,0.0,2.0,72.0,74.0,14.0,0.0,9.0,14.0,0.0
102380,Eirin Sponaas,0.0,0.0,0.0,6.0,0.0,0.0,0.0,0.0,0.0,0.0,0.0
102419,Marte Melkevik,0.0,0.0,0.0,42.0,0.0,0.0,0.0,0.0,0.0,0.0,0.0
102753,Pia Årsland,0.0,0.0,0.0,10.0,0.0,0.0,0.0,0.0,0.0,0.0,0.0
103416,Frida Prestø,0.0,0.0,0.0,12.0,18.0,0.0,0.0,0.0,0.0,0.0,6.0
104338,Emilia Petersen Norberg,0.0,0.0,0.0,250.0,269.0,424.0,320.0,152.0,264.0,9.0,27.0
104490,Dina Høl Bugge,0.0,0.0,0.0,50.0,70.0,78.0,18.0,0.0,67.0,32.0,0.0
104582,Anja Niemi,0.0,0.0,0.0,2.0,1.0,0.0,0.0,0.0,0.0,0.0,0.0
104757,Sanne Miodini Johannessen,0.0,0.0,0.0,17.0,0.0,0.0,0.0,0.0,0.0,0.0,0.0
104998,Ingrid Stene Olsen,0.0,0.0,0.0,18.0,56.0,33.0,18.0,0.0,63.0,76.0,8.0
105078,Louise Faarup Storvik,0.0,0.0,0.0,10.0,82.0,62.0,30.0,0.0,7.0,0.0,0.0
106006,Margrethe Schrøder-Nielsen,0.0,0.0,0.0,29.0,17.0,36.0,30.0,0.0,6.0,0.0,8.0
106215,Dobromila Franaszczuk,0.0,0.0,0.0,22.0,10.0,0.0,0.0,0.0,0.0,0.0,0.0
106225,Mia Cherry Walker,0.0,0.0,0.0,6.0,13.0,0.0,0.0,0.0,0.0,0.0,0.0
106451,Linnea Alvilde Espeseth,0.0,0.0,0.0,16.0,0.0,8.0,0.0,0.0,0.0,18.0,18.0
106548,Majken Andersen,0.0,0.0,0.0,4.0,0.0,0.0,0.0,0.0,0.0,0.0,0.0
106632,Elise Lærkerød Jelsness,0.0,0.0,0.0,6.0,186.0,116.0,82.0,0.0,166.0,222.0,46.0
106659,Sofie Søby Pedersen,0.0,0.0,0.0,0.0,0.0,0.0,0.0,0.0,0.0,0.0,0.0
106696,Ane Hofstad Lycke,0.0,0.0,0.0,87.0,122.0,126.0,82.0,0.0,287.0,300.0,84.0
106770,Sara Sverdrup Thygeson,0.0,0.0,0.0,14.0,0.0,0.0,0.0,0.0,0.0,0.0,0.0
106784,Heidi Kristine Skree,0.0,0.0,0.0,13.0,52.0,42.0,40.0,192.0,34.0,0.0,0.0
106797,Agnessa Pedersen,0.0,0.0,0.0,132.0,70.0,120.0,0.0,0.0,0.0,0.0,0.0
106909,Nina Wang Korbu,0.0,0.0,0.0,10.0,8.0,0.0,0.0,0.0,0.0,0.0,0.0
107049,Vivild Våbenø Berg,0.0,0.0,0.0,7.0,2.0,22.0,17.0,0.0,7.0,26.0,36.0
107081,Frida Natvig,0.0,0.0,0.0,3.0,0.0,0.0,0.0,0.0,0.0,0.0,0.0
107116,Linn Hepsøe,0.0,0.0,0.0,4.0,3.0,20.0,22.0,0.0,29.0,2.0,0.0
107127,Delia Murtazalieva,0.0,0.0,0.0,32.0,25.0,270.0,492.0,180.0,529.0,556.0,508.0
107149,Martine E. Voldstad,0.0,0.0,0.0,35.0,6.0,6.0,0.0,0.0,0.0,0.0,0.0
107154,Elisabeth Parnemann Sirevåg,0.0,0.0,0.0,50.0,56.0,100.0,0.0,0.0,42.0,0.0,0.0
107298,Eira Vik Langhammer,0.0,0.0,0.0,2.0,20.0,49.0,0.0,0.0,0.0,0.0,0.0
107546,Karin Tryland Laheld,0.0,0.0,0.0,76.0,62.0,40.0,0.0,0.0,0.0,0.0,0.0
107566,Viktoria Humlen,0.0,0.0,0.0,1.0,26.0,60.0,18.0,6.0,88.0,98.0,98.0
107856,Caroline Solemsløkk Helgemo,0.0,0.0,0.0,34.0,1.0,2.0,0.0,0.0,0.0,0.0,0.0
107909,Elise  Holmedal,0.0,0.0,0.0,48.0,49.0,40.0,0.0,0.0,0.0,0.0,7.0
107941,Sandra-Viktoria Karlsen,0.0,0.0,0.0,6.0,37.0,20.0,3.0,0.0,0.0,0.0,0.0
107994,Sara-Kristin Nergaard,0.0,0.0,0.0,2.0,0.0,0.0,0.0,0.0,0.0,0.0,0.0
108105,Irene Lillestøl Duinker,0.0,0.0,0.0,6.0,0.0,0.0,0.0,0.0,0.0,0.0,0.0
108301,Simona Früh,0.0,0.0,0.0,35.0,4.0,14.0,0.0,0.0,0.0,0.0,0.0
108309,Ann Elin Digernes,0.0,0.0,0.0,14.0,2.0,0.0,0.0,0.0,0.0,0.0,0.0
108582,Tuva Vinnes Bråten,0.0,0.0,0.0,6.0,48.0,37.0,63.0,0.0,15.0,0.0,0.0
108760,Karianne Zhang,0.0,0.0,0.0,198.0,228.0,182.0,28.0,28.0,148.0,48.0,56.0
108761,Victoria Zhang,0.0,0.0,0.0,14.0,54.0,0.0,60.0,0.0,71.0,70.0,110.0
108786,Sofie Aamodt,0.0,0.0,0.0,4.0,37.0,0.0,0.0,0.0,0.0,0.0,0.0
108927,Celina Nha-Mi-Thanh,0.0,0.0,0.0,10.0,36.0,32.0,30.0,0.0,62.0,132.0,130.0
109067,Julie Marie Olsen,0.0,0.0,0.0,6.0,58.0,50.0,58.0,0.0,24.0,0.0,0.0
109107,Mari-Anne Korsvik,0.0,0.0,0.0,7.0,0.0,0.0,0.0,0.0,0.0,0.0,0.0
109119,Ingunn T. Ellingsen,0.0,0.0,0.0,1.0,0.0,0.0,0.0,0.0,0.0,0.0,0.0
109149,Anna Hjellup,0.0,0.0,0.0,3.0,0.0,0.0,0.0,0.0,0.0,0.0,0.0
109791,Savia Aamodt,0.0,0.0,0.0,6.0,1.0,0.0,7.0,0.0,1.0,0.0,0.0
109824,Yasmin Siyad,0.0,0.0,0.0,20.0,4.0,0.0,0.0,0.0,0.0,0.0,0.0
109833,Julie Albrektsen,0.0,0.0,0.0,6.0,0.0,0.0,2.0,0.0,0.0,0.0,26.0
109875,Eline Ullereng Mamelund,0.0,0.0,0.0,2.0,35.0,20.0,42.0,0.0,17.0,0.0,0.0
109925,Ada Marie Treidene,0.0,0.0,0.0,5.0,18.0,0.0,0.0,0.0,0.0,0.0,0.0
109975,Sol De Paoli,0.0,0.0,0.0,1.0,0.0,0.0,0.0,0.0,0.0,0.0,0.0
110018,Maurina Adriana,0.0,0.0,0.0,5.0,7.0,8.0,2.0,0.0,3.0,3.0,0.0
110053,Eeke Nijdam,0.0,0.0,0.0,6.0,7.0,9.0,8.0,0.0,1.0,0.0,0.0
110123,Mia Skipnes,0.0,0.0,0.0,4.0,0.0,0.0,0.0,0.0,0.0,0.0,0.0
110178,Anne Lie Foldnes,0.0,0.0,0.0,6.0,46.0,88.0,42.0,0.0,48.0,46.0,68.0
110221,Yuzhu Pearl Li,0.0,0.0,0.0,0.0,0.0,0.0,0.0,0.0,0.0,0.0,0.0
110226,Magnhild Stokka,0.0,0.0,0.0,21.0,18.0,14.0,0.0,0.0,0.0,0.0,0.0
110228,Tina Vuong,0.0,0.0,0.0,32.0,5.0,0.0,0.0,0.0,0.0,0.0,0.0
110243,Maria Christine Barredo,0.0,0.0,0.0,12.0,0.0,0.0,0.0,0.0,0.0,0.0,0.0
110287,Friederike Korn,0.0,0.0,0.0,14.0,0.0,0.0,0.0,0.0,0.0,0.0,0.0
110289,Shuju Shang,0.0,0.0,0.0,8.0,0.0,0.0,0.0,0.0,0.0,0.0,0.0
110296,Therese Svendsen,0.0,0.0,0.0,3.0,1.0,0.0,0.0,0.0,0.0,0.0,0.0
110306,Sabbareh Kabiri,0.0,0.0,0.0,0.0,0.0,0.0,0.0,0.0,0.0,0.0,0.0
110307,Ingun Tryland,0.0,0.0,0.0,8.0,0.0,14.0,0.0,0.0,0.0,0.0,0.0
110349,Astrid Gunnarshaug,0.0,0.0,0.0,48.0,18.0,46.0,0.0,0.0,0.0,0.0,0.0
110350,Helene Hendrickx,0.0,0.0,0.0,66.0,0.0,0.0,0.0,0.0,0.0,0.0,0.0
110352,Freja Smith,0.0,0.0,0.0,3.0,0.0,0.0,0.0,0.0,0.0,0.0,0.0
110406,Sabina Super,0.0,0.0,0.0,8.0,0.0,0.0,0.0,0.0,0.0,0.0,0.0
110435,Soofia Taimoor,0.0,0.0,0.0,0.0,0.0,0.0,0.0,0.0,0.0,0.0,0.0
110471,Liv Eirin Alseth,0.0,0.0,0.0,0.0,0.0,0.0,0.0,0.0,0.0,0.0,0.0
110537,Shen Yee Too,0.0,0.0,0.0,192.0,0.0,0.0,0.0,0.0,0.0,0.0,0.0
110552,Zoey Zhao,0.0,0.0,0.0,14.0,0.0,0.0,0.0,0.0,0.0,0.0,0.0
110559,Lina Yuliana Arnesen,0.0,0.0,0.0,6.0,0.0,0.0,0.0,0.0,0.0,0.0,0.0
110569,Annett Henriksen,0.0,0.0,0.0,4.0,3.0,0.0,0.0,0.0,0.0,0.0,0.0
110670,Siv Meland,0.0,0.0,0.0,12.0,11.0,7.0,18.0,0.0,4.0,0.0,0.0
110675,Angela Liu,0.0,0.0,0.0,1.0,6.0,4.0,0.0,0.0,0.0,0.0,0.0
110686,Linda Våbenø Berg,0.0,0.0,0.0,14.0,41.0,15.0,12.0,0.0,11.0,2.0,28.0
110691,Anna Oddsdottir Mjøen	,0.0,0.0,0.0,4.0,12.0,0.0,0.0,0.0,0.0,0.0,0.0
110720,Ragnhild Løvenskiold Grüner Husom,0.0,0.0,0.0,19.0,1.0,17.0,0.0,0.0,0.0,0.0,0.0
110744,Claudia Rittig,0.0,0.0,0.0,2.0,0.0,0.0,0.0,0.0,0.0,0.0,0.0
110817,Mari Hildung,0.0,0.0,0.0,2.0,0.0,2.0,0.0,0.0,0.0,2.0,0.0
110835,Anita Vabø,0.0,0.0,0.0,3.0,42.0,5.0,0.0,0.0,0.0,0.0,0.0
110844,Emma Mardahl,0.0,0.0,0.0,6.0,30.0,0.0,0.0,0.0,0.0,0.0,0.0
110847,Vibeke Onarheim Vea,0.0,0.0,0.0,4.0,1.0,13.0,0.0,0.0,0.0,0.0,0.0
110875,Li Johnsen,0.0,0.0,0.0,12.0,0.0,0.0,0.0,0.0,0.0,0.0,0.0
110882,Yanhong Peng,0.0,0.0,0.0,10.0,24.0,9.0,7.0,0.0,34.0,55.0,40.0
110896,ola martin,0.0,0.0,0.0,0.0,0.0,0.0,0.0,0.0,0.0,0.0,0.0
110899,Rahaf Alothman,0.0,0.0,0.0,48.0,197.0,66.0,7.0,0.0,1.0,0.0,20.0
110907,Mie Larsen,0.0,0.0,0.0,12.0,0.0,0.0,0.0,0.0,0.0,0.0,0.0
110917,Genevieve Frachon,0.0,0.0,0.0,1.0,1.0,0.0,0.0,0.0,0.0,0.0,0.0
110940,Therese Færøe Svihus,0.0,0.0,0.0,1.0,0.0,0.0,0.0,0.0,0.0,0.0,0.0
110942,Synøve Ramberg ,0.0,0.0,0.0,1.0,0.0,0.0,0.0,0.0,0.0,0.0,0.0
110946,Elena Albertini Früh,0.0,0.0,0.0,2.0,0.0,0.0,0.0,0.0,0.0,0.0,0.0
110947,Julie Rasmussen Rystad,0.0,0.0,0.0,2.0,4.0,4.0,0.0,0.0,0.0,0.0,0.0
110948,Christina Marie Eikemo,0.0,0.0,0.0,2.0,0.0,0.0,0.0,0.0,0.0,0.0,0.0
110991,Malene Aaby,0.0,0.0,0.0,8.0,0.0,0.0,0.0,0.0,0.0,0.0,0.0
110992,Kristiane Lund Kallåk,0.0,0.0,0.0,1.0,0.0,0.0,0.0,0.0,0.0,0.0,0.0
110995,Bente Eichhorn,0.0,0.0,0.0,0.0,0.0,0.0,0.0,0.0,0.0,0.0,0.0
111023,Ngai Tial Nawl,0.0,0.0,0.0,2.0,0.0,0.0,0.0,0.0,0.0,0.0,0.0
111024,Bozena Hartleb,0.0,0.0,0.0,1.0,0.0,0.0,0.0,0.0,0.0,0.0,0.0
111072,Gerd Synnøve Myren,0.0,0.0,0.0,3.0,0.0,0.0,0.0,0.0,0.0,0.0,0.0
111085,Maria Carlheim-Müller,0.0,0.0,0.0,28.0,0.0,0.0,0.0,0.0,0.0,0.0,0.0
111138,Valentina Lebedeva,0.0,0.0,0.0,2.0,0.0,0.0,0.0,0.0,0.0,0.0,0.0
111144,Iveta Jendralova,0.0,0.0,0.0,2.0,0.0,0.0,0.0,0.0,0.0,0.0,0.0
111207,Regina May Halonen,0.0,0.0,0.0,6.0,8.0,0.0,0.0,0.0,4.0,0.0,0.0
112154,Cindy Oma,0.0,0.0,0.0,15.0,1.0,0.0,0.0,0.0,0.0,0.0,0.0
100282,Wenche Hågensen,0.0,0.0,0.0,0.0,21.0,0.0,0.0,0.0,0.0,0.0,0.0
100473,Anne Nesset,0.0,0.0,0.0,0.0,42.0,0.0,0.0,0.0,0.0,0.0,0.0
100757,Mona Vanvikmyr,0.0,0.0,0.0,0.0,84.0,0.0,0.0,0.0,0.0,0.0,0.0
101366,Rannveig Elven,0.0,0.0,0.0,0.0,2.0,0.0,0.0,0.0,0.0,0.0,0.0
101948,Helene Håkonsen Søgaard,0.0,0.0,0.0,0.0,108.0,0.0,0.0,0.0,0.0,0.0,0.0
103358,Marte Bjørnerås,0.0,0.0,0.0,0.0,10.0,0.0,0.0,0.0,0.0,0.0,0.0
103490,Yeni Sri Kåsa,0.0,0.0,0.0,0.0,16.0,3.0,0.0,0.0,0.0,0.0,0.0
104892,Thea Alfredsen,0.0,0.0,0.0,0.0,2.0,2.0,0.0,0.0,0.0,0.0,0.0
105306,Elin Hexeberg Huseby,0.0,0.0,0.0,0.0,25.0,0.0,0.0,0.0,0.0,0.0,0.0
105886,Stine Skjævesland Pedersen,0.0,0.0,0.0,0.0,39.0,54.0,32.0,0.0,46.0,398.0,156.0
105948,Maria Jansson,0.0,0.0,0.0,0.0,18.0,51.0,21.0,0.0,5.0,0.0,0.0
105965,Irene Johnsen,0.0,0.0,0.0,0.0,1.0,3.0,0.0,0.0,0.0,0.0,0.0
105980,Yvonne Jørstad,0.0,0.0,0.0,0.0,1.0,1.0,0.0,0.0,0.0,0.0,0.0
106789,Irina Rudakova,0.0,0.0,0.0,0.0,1.0,0.0,0.0,0.0,0.0,0.0,0.0
106834,Akija Anton Reginold,0.0,0.0,0.0,0.0,16.0,30.0,28.0,36.0,43.0,4.0,0.0
107028,Silje B. Karlsen,0.0,0.0,0.0,0.0,57.0,68.0,6.0,4.0,26.0,0.0,0.0
107134,June  Bøhn,0.0,0.0,0.0,0.0,28.0,24.0,110.0,0.0,78.0,0.0,48.0
107185,Anna Bydén,0.0,0.0,0.0,0.0,4.0,4.0,0.0,0.0,0.0,0.0,0.0
107191,Agnes Lundberg,0.0,0.0,0.0,0.0,8.0,0.0,0.0,0.0,0.0,0.0,0.0
107206,Katja Botcharova Ellingsen,0.0,0.0,0.0,0.0,42.0,48.0,98.0,36.0,452.0,1048.0,804.0
107215,Stine Marie Jakobsen,0.0,0.0,0.0,0.0,10.0,3.0,18.0,0.0,4.0,0.0,0.0
107228,Hanne Kolstø,0.0,0.0,0.0,0.0,41.0,34.0,14.0,0.0,4.0,8.0,0.0
108076,Sara Buvik,0.0,0.0,0.0,0.0,9.0,48.0,8.0,0.0,33.0,134.0,116.0
108671,Marlen Nygård,0.0,0.0,0.0,0.0,17.0,31.0,77.0,0.0,48.0,0.0,22.0
108767,Lovelle Salvani,0.0,0.0,0.0,0.0,1.0,0.0,0.0,0.0,0.0,0.0,0.0
108877,Amber Heggdal,0.0,0.0,0.0,0.0,9.0,52.0,24.0,2.0,14.0,0.0,0.0
108890,maya lauvås,0.0,0.0,0.0,0.0,4.0,0.0,0.0,0.0,0.0,0.0,0.0
109064,Frida Bjørvik Løvheim,0.0,0.0,0.0,0.0,59.0,50.0,39.0,54.0,416.0,180.0,120.0
109096,Thea Jørgensen,0.0,0.0,0.0,0.0,49.0,18.0,0.0,0.0,0.0,0.0,0.0
109352,Mai Mathilde Hertaas,0.0,0.0,0.0,0.0,40.0,0.0,0.0,0.0,0.0,0.0,0.0
109467,Leonie Johann,0.0,0.0,0.0,0.0,8.0,3.0,1.0,0.0,0.0,0.0,0.0
109479,Vilde Jørgensen,0.0,0.0,0.0,0.0,0.0,0.0,0.0,0.0,0.0,0.0,0.0
109502,June Morland,0.0,0.0,0.0,0.0,10.0,36.0,0.0,0.0,0.0,0.0,0.0
109510,Sara Kelly Ramsgaard,0.0,0.0,0.0,0.0,26.0,0.0,0.0,0.0,0.0,0.0,0.0
109907,Natalia Gandurska,0.0,0.0,0.0,0.0,7.0,30.0,0.0,0.0,0.0,0.0,0.0
110121,Helene Ye,0.0,0.0,0.0,0.0,2.0,21.0,41.0,0.0,9.0,6.0,0.0
110124,Thea Wang Larsen,0.0,0.0,0.0,0.0,4.0,0.0,1.0,0.0,4.0,4.0,0.0
110246,Alexandra Utslottøy,0.0,0.0,0.0,0.0,11.0,34.0,6.0,0.0,1.0,0.0,0.0
110247,Nora Amanda Melkevik Dahle,0.0,0.0,0.0,0.0,8.0,0.0,0.0,0.0,0.0,0.0,0.0
110248,Synne Brandsdal,0.0,0.0,0.0,0.0,11.0,32.0,0.0,0.0,0.0,0.0,0.0
110293,Camilla Persen,0.0,0.0,0.0,0.0,1.0,12.0,21.0,0.0,3.0,0.0,0.0
110312,Sanne Ellingsen,0.0,0.0,0.0,0.0,2.0,0.0,0.0,0.0,0.0,0.0,0.0
110313,Julia Opedal,0.0,0.0,0.0,0.0,7.0,26.0,0.0,0.0,1.0,0.0,1.0
110318,Serine Stokka,0.0,0.0,0.0,0.0,6.0,13.0,0.0,0.0,1.0,0.0,0.0
110369,Vivian Zhong,0.0,0.0,0.0,0.0,2.0,0.0,0.0,0.0,1.0,0.0,0.0
110370,Mille Kristine Bjelland,0.0,0.0,0.0,0.0,4.0,0.0,2.0,0.0,2.0,0.0,0.0
110401,Renate Haug Lien,0.0,0.0,0.0,0.0,6.0,10.0,6.0,0.0,1.0,0.0,0.0
110423,Astrid Egtvedt,0.0,0.0,0.0,0.0,2.0,0.0,0.0,0.0,0.0,0.0,0.0
110428,Siri Elise Stokka,0.0,0.0,0.0,0.0,7.0,0.0,0.0,0.0,0.0,0.0,0.0
110470,CAMILLA STORSETH MOE,0.0,0.0,0.0,0.0,5.0,0.0,0.0,0.0,0.0,0.0,0.0
110472,TORILL MOE,0.0,0.0,0.0,0.0,7.0,0.0,0.0,0.0,0.0,0.0,0.0
110481,Sinthuya Vijayakumaran,0.0,0.0,0.0,0.0,39.0,33.0,40.0,0.0,28.0,0.0,0.0
110485,Harsha Kubendraraj,0.0,0.0,0.0,0.0,15.0,22.0,24.0,0.0,6.0,0.0,0.0
110529,Maya Kjellén,0.0,0.0,0.0,0.0,24.0,0.0,0.0,0.0,0.0,0.0,0.0
110668,Emilie Haugland Lauvik,0.0,0.0,0.0,0.0,27.0,7.0,0.0,0.0,10.0,0.0,0.0
110736,Kalpana Stephen,0.0,0.0,0.0,0.0,14.0,20.0,13.0,0.0,10.0,0.0,0.0
110737,Malathy Subramaniam,0.0,0.0,0.0,0.0,16.0,20.0,0.0,0.0,13.0,0.0,0.0
110748,Martyna Juga,0.0,0.0,0.0,0.0,17.0,0.0,0.0,0.0,0.0,0.0,0.0
110790,Bodil Engejordet,0.0,0.0,0.0,0.0,8.0,0.0,0.0,0.0,0.0,0.0,0.0
110901,Anne Sperre Stephens,0.0,0.0,0.0,0.0,12.0,21.0,0.0,0.0,0.0,0.0,0.0
111009,Kristine Hokland,0.0,0.0,0.0,0.0,24.0,4.0,0.0,0.0,0.0,0.0,0.0
111109,Marte Aasen Jensen,0.0,0.0,0.0,0.0,12.0,5.0,0.0,0.0,0.0,23.0,88.0
111125,Kaviya Karunaharan,0.0,0.0,0.0,0.0,0.0,0.0,0.0,0.0,0.0,0.0,0.0
111183,Amruta Chowdary Bojedla,0.0,0.0,0.0,0.0,0.0,0.0,0.0,0.0,0.0,0.0,0.0
111200,Lee Na Teo,0.0,0.0,0.0,0.0,20.0,42.0,0.0,0.0,10.0,0.0,0.0
111250,Nora Lindanger,0.0,0.0,0.0,0.0,2.0,8.0,3.0,0.0,3.0,26.0,26.0
111335,Renate Saghaug,0.0,0.0,0.0,0.0,3.0,0.0,0.0,0.0,0.0,0.0,0.0
111338,Karina Himmelstrup,0.0,0.0,0.0,0.0,33.0,4.0,2.0,0.0,0.0,0.0,0.0
111343,Mairis Pihlakas,0.0,0.0,0.0,0.0,17.0,0.0,21.0,1.0,5.0,0.0,0.0
111348,Remi Matsunari,0.0,0.0,0.0,0.0,61.0,0.0,0.0,0.0,0.0,0.0,0.0
111349,Mihika Chandorkar,0.0,0.0,0.0,0.0,3.0,0.0,0.0,0.0,0.0,0.0,0.0
111362,Aleksandra Ivanova,0.0,0.0,0.0,0.0,5.0,0.0,0.0,0.0,0.0,0.0,0.0
111363,Kristine Heggøy ,0.0,0.0,0.0,0.0,2.0,1.0,0.0,0.0,0.0,0.0,0.0
111368,Anne Klemm,0.0,0.0,0.0,0.0,4.0,0.0,0.0,0.0,0.0,0.0,0.0
111371,Simran Sandhu,0.0,0.0,0.0,0.0,2.0,0.0,0.0,0.0,0.0,0.0,0.0
111377,Dixie Cheung,0.0,0.0,0.0,0.0,2.0,0.0,0.0,0.0,0.0,0.0,0.0
111378,Eirin Mp,0.0,0.0,0.0,0.0,1.0,0.0,0.0,0.0,0.0,0.0,0.0
111379,Olga Kuznetsova           ,0.0,0.0,0.0,0.0,1.0,0.0,0.0,0.0,0.0,0.0,0.0
111380,Liudmila Sheiko,0.0,0.0,0.0,0.0,1.0,0.0,0.0,0.0,0.0,0.0,0.0
111383,Elena Korostel,0.0,0.0,0.0,0.0,1.0,0.0,0.0,0.0,0.0,0.0,0.0
111444,Stina Persson,0.0,0.0,0.0,0.0,6.0,0.0,0.0,0.0,0.0,0.0,0.0
111448,Tirill Høgset,0.0,0.0,0.0,0.0,2.0,0.0,0.0,0.0,0.0,0.0,0.0
111449,Caroline Børstad,0.0,0.0,0.0,0.0,1.0,0.0,0.0,0.0,0.0,0.0,0.0
111450,Dina Grønning,0.0,0.0,0.0,0.0,1.0,0.0,0.0,0.0,0.0,0.0,0.0
111473,Stine Vatne,0.0,0.0,0.0,0.0,15.0,6.0,0.0,0.0,0.0,0.0,0.0
111579,Sara Tessem Moan,0.0,0.0,0.0,0.0,1.0,0.0,0.0,0.0,0.0,0.0,0.0
111581,Margarita Bjerkevoll,0.0,0.0,0.0,0.0,1.0,0.0,0.0,0.0,0.0,1.0,0.0
111585,Zuzana Hartmann,0.0,0.0,0.0,0.0,10.0,4.0,4.0,0.0,1.0,0.0,0.0
111589,Beverly Henriksen,0.0,0.0,0.0,0.0,4.0,0.0,0.0,0.0,0.0,7.0,4.0
111591,Laila Sandsaunet,0.0,0.0,0.0,0.0,14.0,1.0,0.0,0.0,0.0,0.0,0.0
111598,Caroline Redkjær Jensen,0.0,0.0,0.0,0.0,149.0,24.0,0.0,0.0,0.0,0.0,0.0
111672,Ann Helen Heldal,0.0,0.0,0.0,0.0,16.0,10.0,3.0,0.0,0.0,0.0,0.0
111691,Anna Oleyniksson,0.0,0.0,0.0,0.0,36.0,90.0,90.0,0.0,44.0,72.0,64.0
111694,Linda Haglund,0.0,0.0,0.0,0.0,3.0,0.0,0.0,0.0,0.0,0.0,0.0
111773,Synne Sigstad Jørgensen,0.0,0.0,0.0,0.0,9.0,0.0,0.0,0.0,0.0,0.0,0.0
111774,Gina Sharon Kaup,0.0,0.0,0.0,0.0,12.0,0.0,0.0,0.0,0.0,0.0,0.0
111819,Alissia Pervozvanskaya-Dangles,0.0,0.0,0.0,0.0,1.0,0.0,0.0,0.0,0.0,0.0,0.0
111828,Farahnaz Ahmadian,0.0,0.0,0.0,0.0,1.0,0.0,0.0,0.0,0.0,0.0,0.0
111829,Elisabeth Ness,0.0,0.0,0.0,0.0,1.0,2.0,1.0,0.0,4.0,4.0,1.0
111830,Helene Frøyen Trana,0.0,0.0,0.0,0.0,1.0,0.0,0.0,0.0,0.0,0.0,0.0
111836,Victoria Eggum,0.0,0.0,0.0,0.0,0.0,0.0,0.0,0.0,0.0,0.0,0.0
111843,Premwadi Jantra,0.0,0.0,0.0,0.0,4.0,0.0,0.0,0.0,0.0,0.0,0.0
111844,Isabel Pettersen,0.0,0.0,0.0,0.0,7.0,0.0,0.0,0.0,0.0,0.0,0.0
111849,Bodil Brattaker,0.0,0.0,0.0,0.0,3.0,0.0,0.0,0.0,0.0,0.0,0.0
111861,Camilla Stensgaard Paulsen,0.0,0.0,0.0,0.0,3.0,0.0,0.0,0.0,0.0,0.0,0.0
111910,Yuki Koyama,0.0,0.0,0.0,0.0,24.0,0.0,0.0,0.0,0.0,0.0,0.0
111937,Iris Olafsen-Solberg,0.0,0.0,0.0,0.0,30.0,24.0,12.0,0.0,11.0,0.0,0.0
111955,Kristine Bayona Dela Cruz,0.0,0.0,0.0,0.0,3.0,58.0,66.0,0.0,112.0,56.0,0.0
111989,Marina Iskhakova,0.0,0.0,0.0,0.0,1.0,0.0,1.0,0.0,0.0,0.0,0.0
111999,Monika Kväl,0.0,0.0,0.0,0.0,6.0,0.0,0.0,0.0,0.0,0.0,0.0
112001,Miriam Mikkelsen,0.0,0.0,0.0,0.0,1.0,14.0,15.0,0.0,2.0,0.0,0.0
112035,Malin Griep,0.0,0.0,0.0,0.0,3.0,0.0,0.0,0.0,0.0,0.0,0.0
112036,Maria Nikoline Haugerud,0.0,0.0,0.0,0.0,6.0,0.0,0.0,0.0,0.0,0.0,0.0
112038,Paler,0.0,0.0,0.0,0.0,1.0,0.0,0.0,0.0,0.0,0.0,0.0
112047,Navada,0.0,0.0,0.0,0.0,12.0,0.0,0.0,0.0,0.0,0.0,0.0
112055,Emilija Rentauskaite,0.0,0.0,0.0,0.0,6.0,0.0,0.0,0.0,0.0,0.0,0.0
112062,Susanne Ramsgaard,0.0,0.0,0.0,0.0,19.0,0.0,0.0,0.0,0.0,0.0,0.0
112075,Tone Iren Hansen ,0.0,0.0,0.0,0.0,1.0,0.0,1.0,0.0,0.0,0.0,0.0
112076,Ingrid Nakstad Romundstad,0.0,0.0,0.0,0.0,1.0,0.0,0.0,0.0,0.0,0.0,0.0
112096,Sidra Sabha,0.0,0.0,0.0,0.0,1.0,0.0,0.0,0.0,0.0,0.0,0.0
112123,Ida Marie Thomassen Stiegler,0.0,0.0,0.0,0.0,1.0,69.0,21.0,0.0,22.0,32.0,46.0
100302,Andrea Austnes,0.0,0.0,0.0,0.0,0.0,1.0,0.0,0.0,0.0,0.0,0.0
101545,Christina Welten,0.0,0.0,0.0,0.0,0.0,8.0,0.0,0.0,0.0,0.0,0.0
102351,Lone Storgaard,0.0,0.0,0.0,0.0,0.0,18.0,0.0,0.0,0.0,0.0,24.0
102676,Tonje Gåsbakk,0.0,0.0,0.0,0.0,0.0,18.0,0.0,0.0,0.0,0.0,0.0
103998,Merethe Christensen,0.0,0.0,0.0,0.0,0.0,4.0,0.0,0.0,0.0,0.0,0.0
105055,Emma Bjørkås,0.0,0.0,0.0,0.0,0.0,4.0,7.0,0.0,1.0,0.0,0.0
105887,Sanna Martine Øvstebø,0.0,0.0,0.0,0.0,0.0,1.0,0.0,0.0,0.0,4.0,0.0
106246,Åse Ertesvåg,0.0,0.0,0.0,0.0,0.0,2.0,0.0,0.0,0.0,0.0,0.0
106683,Svetoslava Petrova,0.0,0.0,0.0,0.0,0.0,3.0,0.0,0.0,0.0,0.0,0.0
107052,Victoria Bævre,0.0,0.0,0.0,0.0,0.0,29.0,0.0,0.0,0.0,0.0,0.0
107438,Emilie Haukebøe,0.0,0.0,0.0,0.0,0.0,7.0,11.0,0.0,26.0,68.0,52.0
107662,Lena Knutseth,0.0,0.0,0.0,0.0,0.0,5.0,0.0,0.0,0.0,0.0,0.0
107688,Solveig Elise Thuestad,0.0,0.0,0.0,0.0,0.0,14.0,0.0,0.0,0.0,0.0,0.0
107720,Polina Bokovaia,0.0,0.0,0.0,0.0,0.0,3.0,0.0,0.0,0.0,0.0,0.0
107735,Nora  Omdal,0.0,0.0,0.0,0.0,0.0,50.0,116.0,96.0,375.0,396.0,246.0
107736,Benedikte Omdal,0.0,0.0,0.0,0.0,0.0,34.0,0.0,0.0,0.0,0.0,0.0
107829,Live Lislerud Vestli,0.0,0.0,0.0,0.0,0.0,17.0,0.0,0.0,0.0,0.0,0.0
108081,Marit Sveine Aspnes,0.0,0.0,0.0,0.0,0.0,1.0,1.0,0.0,0.0,2.0,2.0
108780,Ingrid Beate Østberg,0.0,0.0,0.0,0.0,0.0,33.0,0.0,0.0,0.0,0.0,0.0
108884,Nikolina Engen,0.0,0.0,0.0,0.0,0.0,4.0,4.0,0.0,1.0,0.0,0.0
109058,Ronja Hartmann,0.0,0.0,0.0,0.0,0.0,16.0,0.0,0.0,88.0,100.0,76.0
109269,Cathrine Eimstad,0.0,0.0,0.0,0.0,0.0,13.0,0.0,0.0,0.0,0.0,0.0
109537,Caroline Nielsen Tangen,0.0,0.0,0.0,0.0,0.0,1.0,0.0,0.0,0.0,0.0,0.0
109544,Ragne Russnes,0.0,0.0,0.0,0.0,0.0,4.0,0.0,0.0,6.0,18.0,0.0
109545,Nicoline Wærsten,0.0,0.0,0.0,0.0,0.0,8.0,50.0,0.0,32.0,80.0,106.0
109550,Kaisa Isabell Sandboe,0.0,0.0,0.0,0.0,0.0,110.0,76.0,0.0,18.0,22.0,40.0
109657,Emma Morvik Kragholm,0.0,0.0,0.0,0.0,0.0,21.0,22.0,0.0,5.0,0.0,0.0
109889,Lena Nilsen,0.0,0.0,0.0,0.0,0.0,1.0,0.0,0.0,0.0,0.0,0.0
109945,Karina Andersen,0.0,0.0,0.0,0.0,0.0,6.0,0.0,0.0,0.0,0.0,0.0
110162,Angelė Virketytė,0.0,0.0,0.0,0.0,0.0,6.0,2.0,0.0,0.0,0.0,0.0
110179,Emilie Alrek Eide,0.0,0.0,0.0,0.0,0.0,13.0,0.0,0.0,8.0,0.0,0.0
110418,Tove Søraas,0.0,0.0,0.0,0.0,0.0,16.0,0.0,0.0,12.0,0.0,31.0
110571,Inger Russnes,0.0,0.0,0.0,0.0,0.0,17.0,0.0,0.0,0.0,0.0,0.0
110599,Leyla Eleonora Destefanis,0.0,0.0,0.0,0.0,0.0,3.0,6.0,0.0,1.0,0.0,0.0
111104,Meera Sockalingam,0.0,0.0,0.0,0.0,0.0,6.0,0.0,0.0,0.0,0.0,0.0
111108,Susanne Engseth,0.0,0.0,0.0,0.0,0.0,3.0,2.0,0.0,0.0,0.0,0.0
111135,Stine Bakke,0.0,0.0,0.0,0.0,0.0,26.0,0.0,0.0,0.0,0.0,0.0
111153,Therese Steffensen,0.0,0.0,0.0,0.0,0.0,3.0,0.0,0.0,0.0,0.0,0.0
111361,Amalia Smørdal,0.0,0.0,0.0,0.0,0.0,6.0,8.0,0.0,2.0,0.0,0.0
111635,Ida Speikeland Smithsen,0.0,0.0,0.0,0.0,0.0,14.0,14.0,0.0,4.0,0.0,0.0
111713,Kavitha Chandrasselan,0.0,0.0,0.0,0.0,0.0,0.0,0.0,0.0,0.0,0.0,0.0
111714,Rohini Vijeyaratnam,0.0,0.0,0.0,0.0,0.0,4.0,0.0,0.0,0.0,0.0,0.0
111730,Rajee Makesan,0.0,0.0,0.0,0.0,0.0,30.0,8.0,0.0,12.0,34.0,29.0
111743,Mary Sarmila Ladislaus,0.0,0.0,0.0,0.0,0.0,0.0,0.0,0.0,0.0,0.0,0.0
111766,Livia Jusztin-majercsik,0.0,0.0,0.0,0.0,0.0,2.0,0.0,0.0,0.0,0.0,0.0
111768,Thirumagal Subanendrarajah,0.0,0.0,0.0,0.0,0.0,6.0,0.0,0.0,0.0,0.0,0.0
111776,Ellinor Marie Barø,0.0,0.0,0.0,0.0,0.0,2.0,0.0,0.0,0.0,0.0,0.0
111785,Malin Birgitte Horvei,0.0,0.0,0.0,0.0,0.0,1.0,0.0,0.0,0.0,0.0,0.0
111834,Candy Baynosa,0.0,0.0,0.0,0.0,0.0,4.0,0.0,0.0,0.0,0.0,0.0
111922,Betzy Margrethe Parelius Wammer,0.0,0.0,0.0,0.0,0.0,34.0,0.0,0.0,0.0,1.0,4.0
111948,Kesia Frøyland,0.0,0.0,0.0,0.0,0.0,17.0,0.0,0.0,0.0,0.0,0.0
112002,Cecilie Mikkelsen,0.0,0.0,0.0,0.0,0.0,42.0,50.0,0.0,11.0,0.0,4.0
112019,Thea Katharina Frøyland,0.0,0.0,0.0,0.0,0.0,24.0,10.0,0.0,2.0,0.0,0.0
112142,Mary Diana Bastien,0.0,0.0,0.0,0.0,0.0,40.0,15.0,0.0,3.0,31.0,18.0
112143,Sugirtha Jeiharan ,0.0,0.0,0.0,0.0,0.0,34.0,3.0,0.0,0.0,0.0,0.0
112204,Rebekka Hesjedal,0.0,0.0,0.0,0.0,0.0,1.0,2.0,0.0,0.0,0.0,4.0
112205,Hana Mihalova,0.0,0.0,0.0,0.0,0.0,3.0,0.0,0.0,0.0,0.0,0.0
112214,Victoria Fossum Vanvik,0.0,0.0,0.0,0.0,0.0,3.0,0.0,0.0,0.0,0.0,0.0
112240,Iuliia Bogdanova           ,0.0,0.0,0.0,0.0,0.0,3.0,0.0,0.0,0.0,0.0,0.0
112254,Olga Bravikova,0.0,0.0,0.0,0.0,0.0,4.0,28.0,0.0,7.0,0.0,0.0
112282,Mette Sandersen,0.0,0.0,0.0,0.0,0.0,5.0,1.0,0.0,0.0,0.0,0.0
112326,Susanne Olsen,0.0,0.0,0.0,0.0,0.0,1.0,0.0,0.0,0.0,0.0,0.0
112332,Line Philipsen,0.0,0.0,0.0,0.0,0.0,128.0,0.0,0.0,0.0,0.0,0.0
112341,Victoria Demyanchuk,0.0,0.0,0.0,0.0,0.0,1.0,0.0,0.0,0.0,0.0,0.0
112349,Line Rønningen Øien,0.0,0.0,0.0,0.0,0.0,4.0,0.0,0.0,3.0,16.0,32.0
112362,Natalie Wendt,0.0,0.0,0.0,0.0,0.0,8.0,0.0,0.0,0.0,0.0,0.0
112363,Fenfang Zhao,0.0,0.0,0.0,0.0,0.0,17.0,0.0,0.0,0.0,0.0,0.0
112371,Mai Thongprasert,0.0,0.0,0.0,0.0,0.0,2.0,0.0,0.0,0.0,0.0,0.0
112376,Christin Jeanette Hagen ,0.0,0.0,0.0,0.0,0.0,1.0,11.0,0.0,29.0,20.0,36.0
112377,Line Eldegard,0.0,0.0,0.0,0.0,0.0,6.0,8.0,0.0,18.0,23.0,28.0
112399,Nina Løland,0.0,0.0,0.0,0.0,0.0,20.0,11.0,0.0,2.0,0.0,0.0
112401,Ignatia A Ratnarajah,0.0,0.0,0.0,0.0,0.0,8.0,3.0,0.0,0.0,0.0,0.0
112405,Ellen Berg Groos,0.0,0.0,0.0,0.0,0.0,42.0,14.0,0.0,3.0,0.0,0.0
112414,Too Shen Yee,0.0,0.0,0.0,0.0,0.0,34.0,0.0,0.0,0.0,0.0,0.0
112454,Dianne Christine Geronimo,0.0,0.0,0.0,0.0,0.0,63.0,30.0,12.0,84.0,180.0,196.0
112467,Charlotte Moss,0.0,0.0,0.0,0.0,0.0,14.0,3.0,0.0,0.0,0.0,0.0
112469,Merete Halvorsen Svanberg,0.0,0.0,0.0,0.0,0.0,1.0,0.0,0.0,0.0,0.0,0.0
112585,Sara Tuomala,0.0,0.0,0.0,0.0,0.0,6.0,0.0,0.0,0.0,0.0,0.0
112611,Sofie Vega Wollbraaten,0.0,0.0,0.0,0.0,0.0,14.0,0.0,0.0,0.0,0.0,0.0
112613,Linda Wikeland,0.0,0.0,0.0,0.0,0.0,1.0,3.0,0.0,0.0,1.0,0.0
112628,Manon Bajard,0.0,0.0,0.0,0.0,0.0,4.0,39.0,0.0,9.0,0.0,0.0
112629,Katri Koponen,0.0,0.0,0.0,0.0,0.0,2.0,0.0,0.0,0.0,0.0,0.0
112714,Hong-Thien Nguyen Phatak,0.0,0.0,0.0,0.0,0.0,4.0,1.0,0.0,0.0,13.0,15.0
112761,Arina Pisaruk ,0.0,0.0,0.0,0.0,0.0,3.0,0.0,0.0,0.0,0.0,0.0
112769,Mana Pooyamehr,0.0,0.0,0.0,0.0,0.0,4.0,0.0,0.0,0.0,0.0,0.0
112811,Hege Grønning,0.0,0.0,0.0,0.0,0.0,4.0,30.0,0.0,54.0,63.0,56.0
112841,Nina Hoff,0.0,0.0,0.0,0.0,0.0,2.0,2.0,0.0,0.0,0.0,0.0
112842,Maria Conchita Isaksen,0.0,0.0,0.0,0.0,0.0,2.0,6.0,0.0,1.0,0.0,0.0
112844,Marie-Elise Gundersen,0.0,0.0,0.0,0.0,0.0,1.0,2.0,0.0,0.0,0.0,0.0
112851,Lina Bjørndal Westerlund,0.0,0.0,0.0,0.0,0.0,1.0,3.0,0.0,13.0,15.0,10.0
112862,Marthe Almaas,0.0,0.0,0.0,0.0,0.0,1.0,18.0,0.0,30.0,0.0,0.0
112872,Pernille Maurstad Uv,0.0,0.0,0.0,0.0,0.0,2.0,0.0,0.0,0.0,0.0,0.0
112873,Inswasti Cahyani,0.0,0.0,0.0,0.0,0.0,1.0,0.0,0.0,0.0,0.0,0.0
112874,Qiong Fan,0.0,0.0,0.0,0.0,0.0,1.0,0.0,0.0,0.0,0.0,0.0
107513,Kristine  Grande Ødegårdstuen,0.0,0.0,0.0,0.0,0.0,0.0,56.0,24.0,209.0,648.0,416.0
107708,Hedda Loen Bue,0.0,0.0,0.0,0.0,0.0,0.0,20.0,0.0,5.0,0.0,0.0
107950,Eli Bente Just,0.0,0.0,0.0,0.0,0.0,0.0,10.0,0.0,2.0,29.0,43.0
107996,Charlotte Berntsen,0.0,0.0,0.0,0.0,0.0,0.0,6.0,0.0,1.0,0.0,0.0
108198,Zita Batar,0.0,0.0,0.0,0.0,0.0,0.0,18.0,0.0,4.0,0.0,0.0
108759,Anna Mikako Nishimura,0.0,0.0,0.0,0.0,0.0,0.0,22.0,0.0,5.0,0.0,0.0
109035,Adele Margrethe Hansen,0.0,0.0,0.0,0.0,0.0,0.0,4.0,0.0,1.0,0.0,0.0
109065,Sandra Vaaje,0.0,0.0,0.0,0.0,0.0,0.0,20.0,0.0,5.0,0.0,0.0
109306,Nandita Anil,0.0,0.0,0.0,0.0,0.0,0.0,13.0,0.0,3.0,0.0,0.0
109414,Amalie Lexander,0.0,0.0,0.0,0.0,0.0,0.0,18.0,0.0,4.0,0.0,0.0
109421,Astrid Lovise Pallesen ,0.0,0.0,0.0,0.0,0.0,0.0,17.0,0.0,42.0,64.0,108.0
109577,Mina Ueland,0.0,0.0,0.0,0.0,0.0,0.0,7.0,0.0,1.0,0.0,0.0
109594,Nikol Hermansen,0.0,0.0,0.0,0.0,0.0,0.0,16.0,0.0,102.0,144.0,148.0
109705,Akarija Anton Reginold,0.0,0.0,0.0,0.0,0.0,0.0,22.0,0.0,159.0,154.0,72.0
109706,Arathija Anton Reginold,0.0,0.0,0.0,0.0,0.0,0.0,20.0,0.0,103.0,0.0,0.0
109834,Astrid Salthella,0.0,0.0,0.0,0.0,0.0,0.0,1.0,0.0,8.0,6.0,12.0
109878,Sofie Jin Reistadbakk,0.0,0.0,0.0,0.0,0.0,0.0,16.0,0.0,102.0,149.0,125.0
110260,Divya Tehlan,0.0,0.0,0.0,0.0,0.0,0.0,8.0,0.0,98.0,4.0,0.0
110335,Anita Bui,0.0,0.0,0.0,0.0,0.0,0.0,5.0,0.0,0.0,73.0,45.0
110371,Maria Botcharova Ellingsen,0.0,0.0,0.0,0.0,0.0,0.0,20.0,0.0,23.0,52.0,68.0
110684,Ingunn Sunde,0.0,0.0,0.0,0.0,0.0,0.0,53.0,0.0,6.0,0.0,0.0
110935,Kjersti Døssland,0.0,0.0,0.0,0.0,0.0,0.0,19.0,0.0,4.0,0.0,0.0
111008,Nila Lorvik,0.0,0.0,0.0,0.0,0.0,0.0,4.0,0.0,137.0,16.0,48.0
111333,Christin Wefring,0.0,0.0,0.0,0.0,0.0,0.0,1.0,0.0,2.0,0.0,0.0
111470,Cecilie Welle Bay ,0.0,0.0,0.0,0.0,0.0,0.0,18.0,0.0,4.0,8.0,12.0
112117,Elisabeth Roos,0.0,0.0,0.0,0.0,0.0,0.0,4.0,0.0,52.0,66.0,58.0
112327,Viola Jordalen,0.0,0.0,0.0,0.0,0.0,0.0,28.0,0.0,25.0,0.0,80.0
112373,Emma Kvaløy Svensen,0.0,0.0,0.0,0.0,0.0,0.0,6.0,0.0,1.0,0.0,0.0
112843,Min Chuthamas Phimphurat,0.0,0.0,0.0,0.0,0.0,0.0,10.0,0.0,2.0,0.0,0.0
112954,Linnea Kvaløy Olsen,0.0,0.0,0.0,0.0,0.0,0.0,4.0,0.0,19.0,0.0,0.0
112999,Ilona Marlena Dominiak,0.0,0.0,0.0,0.0,0.0,0.0,1.0,0.0,0.0,0.0,0.0
113012,Monika Pap,0.0,0.0,0.0,0.0,0.0,0.0,1.0,0.0,0.0,0.0,0.0
113017,Linn Lie Andersen,0.0,0.0,0.0,0.0,0.0,0.0,2.0,0.0,1.0,0.0,0.0
113018,Solbjørg Langhelle,0.0,0.0,0.0,0.0,0.0,0.0,1.0,0.0,0.0,0.0,0.0
113025,Sunniva Knudsen,0.0,0.0,0.0,0.0,0.0,0.0,15.0,0.0,3.0,0.0,0.0
113026,Susanne Gripsgård,0.0,0.0,0.0,0.0,0.0,0.0,20.0,0.0,5.0,18.0,31.0
113057,Caroline Lykke Sørensen,0.0,0.0,0.0,0.0,0.0,0.0,10.0,0.0,2.0,0.0,0.0
113082,Laura de Haan,0.0,0.0,0.0,0.0,0.0,0.0,16.0,0.0,4.0,0.0,0.0
113109,Emma Strand,0.0,0.0,0.0,0.0,0.0,0.0,6.0,0.0,0.0,0.0,0.0
113110,Carol Torres,0.0,0.0,0.0,0.0,0.0,0.0,1.0,0.0,0.0,0.0,0.0
113111,Tindra Backström,0.0,0.0,0.0,0.0,0.0,0.0,2.0,0.0,0.0,0.0,0.0
113112,Ebba Lindmark,0.0,0.0,0.0,0.0,0.0,0.0,1.0,0.0,0.0,0.0,0.0
113118,Zhe Wu,0.0,0.0,0.0,0.0,0.0,0.0,3.0,0.0,2.0,0.0,28.0
113146,Iuliia Efimova ,0.0,0.0,0.0,0.0,0.0,0.0,2.0,0.0,0.0,0.0,0.0
113160,Nanna Højriis Christiansen,0.0,0.0,0.0,0.0,0.0,0.0,18.0,0.0,4.0,0.0,0.0
113193,Maaike Weerdesteyn,0.0,0.0,0.0,0.0,0.0,0.0,165.0,0.0,249.0,220.0,156.0
113199,Gabriella Zetterström,0.0,0.0,0.0,0.0,0.0,0.0,1.0,0.0,15.0,1.0,0.0
113206,Eira Selmer-Torgersen,0.0,0.0,0.0,0.0,0.0,0.0,8.0,0.0,2.0,0.0,0.0
113248,Marte Vorum (ikke bruk denne),0.0,0.0,0.0,0.0,0.0,0.0,4.0,0.0,1.0,6.0,0.0
113272,Ciela Guico Menlay,0.0,0.0,0.0,0.0,0.0,0.0,1.0,0.0,0.0,0.0,0.0
113279,Øyvor Helstad,0.0,0.0,0.0,0.0,0.0,0.0,1.0,0.0,0.0,0.0,0.0
113284,Naida Murtazalieva,0.0,0.0,0.0,0.0,0.0,0.0,10.0,0.0,2.0,0.0,0.0
113285,Fay Xing,0.0,0.0,0.0,0.0,0.0,0.0,14.0,0.0,3.0,0.0,0.0
113288,Gunhild Kristiansen,0.0,0.0,0.0,0.0,0.0,0.0,4.0,0.0,7.0,0.0,0.0
113307,Ditte Munch,0.0,0.0,0.0,0.0,0.0,0.0,24.0,0.0,6.0,0.0,0.0
113310,Alma Dalsgaard,0.0,0.0,0.0,0.0,0.0,0.0,16.0,0.0,4.0,0.0,0.0
113321,Nanna Mortensen,0.0,0.0,0.0,0.0,0.0,0.0,48.0,0.0,12.0,0.0,0.0
113360,Silje Marit Sletten,0.0,0.0,0.0,0.0,0.0,0.0,1.0,0.0,0.0,0.0,0.0
113408,Sophia Laporte,0.0,0.0,0.0,0.0,0.0,0.0,2.0,0.0,0.0,0.0,0.0
113435,Dowon Kwak,0.0,0.0,0.0,0.0,0.0,0.0,2.0,0.0,57.0,108.0,126.0
113442,Kamonthip Charoenphanit,0.0,0.0,0.0,0.0,0.0,0.0,1.0,0.0,28.0,82.0,34.0
113463,Mari Chiba,0.0,0.0,0.0,0.0,0.0,0.0,18.0,0.0,4.0,0.0,0.0
113489,Marte Elise Pedersen Ulriksen,0.0,0.0,0.0,0.0,0.0,0.0,1.0,0.0,0.0,0.0,0.0
113490,Dina Samuel,0.0,0.0,0.0,0.0,0.0,0.0,2.0,0.0,0.0,0.0,0.0
113505,Mette Kruse,0.0,0.0,0.0,0.0,0.0,0.0,2.0,0.0,0.0,6.0,0.0
113584,Nhung Nguyen,0.0,0.0,0.0,0.0,0.0,0.0,11.0,0.0,2.0,0.0,0.0
113585,Gladys Jude Lourderajan,0.0,0.0,0.0,0.0,0.0,0.0,3.0,0.0,0.0,30.0,29.0
113607,Silje Stenstad Nilsen,0.0,0.0,0.0,0.0,0.0,0.0,1.0,0.0,0.0,7.0,4.0
113642,Liliana Valencia,0.0,0.0,0.0,0.0,0.0,0.0,2.0,0.0,6.0,0.0,0.0
113676,Eva Eriksson,0.0,0.0,0.0,0.0,0.0,0.0,12.0,0.0,3.0,0.0,0.0
109432,Mina Korssund,0.0,0.0,0.0,0.0,0.0,0.0,0.0,60.0,81.0,140.0,340.0
109464,Emma Yasmin Ruud,0.0,0.0,0.0,0.0,0.0,0.0,0.0,18.0,30.0,80.0,156.0
109789,Trishna Shyam Chand,0.0,0.0,0.0,0.0,0.0,0.0,0.0,4.0,53.0,66.0,124.0
113250,Helene Mokkelbost,0.0,0.0,0.0,0.0,0.0,0.0,0.0,2.0,0.0,7.0,4.0
113944,Kristine Amundsen,0.0,0.0,0.0,0.0,0.0,0.0,0.0,1.0,0.0,0.0,0.0
102398,Synne Jortveit,0.0,0.0,0.0,0.0,0.0,0.0,0.0,0.0,21.0,0.0,0.0
102724,Norunn Hagen,0.0,0.0,0.0,0.0,0.0,0.0,0.0,0.0,9.0,0.0,0.0
107439,Selma Kvarenes Bjørnestøl,0.0,0.0,0.0,0.0,0.0,0.0,0.0,0.0,18.0,116.0,122.0
107625,Ragnhild Stenvaag,0.0,0.0,0.0,0.0,0.0,0.0,0.0,0.0,50.0,94.0,168.0
107955,Laufey Maria Olafsdottir,0.0,0.0,0.0,0.0,0.0,0.0,0.0,0.0,2.0,5.0,1.0
108060,Kamilla Bakke Foss,0.0,0.0,0.0,0.0,0.0,0.0,0.0,0.0,4.0,0.0,0.0
108350,Linnea Cecilie Sørlie,0.0,0.0,0.0,0.0,0.0,0.0,0.0,0.0,50.0,76.0,44.0
108740,Signe Lenning,0.0,0.0,0.0,0.0,0.0,0.0,0.0,0.0,4.0,82.0,112.0
108741,Linnea Nordnes Prestø,0.0,0.0,0.0,0.0,0.0,0.0,0.0,0.0,2.0,23.0,56.0
108769,Celina Sandvær,0.0,0.0,0.0,0.0,0.0,0.0,0.0,0.0,1.0,0.0,0.0
109012,Mali Elise Eriksen,0.0,0.0,0.0,0.0,0.0,0.0,0.0,0.0,2.0,0.0,0.0
109049,Linnea Holmedal,0.0,0.0,0.0,0.0,0.0,0.0,0.0,0.0,120.0,24.0,384.0
109212,Heidi Hartmann,0.0,0.0,0.0,0.0,0.0,0.0,0.0,0.0,74.0,186.0,96.0
109258,Laura Taidla,0.0,0.0,0.0,0.0,0.0,0.0,0.0,0.0,6.0,6.0,0.0
109420,Trine Søraas Johannessen,0.0,0.0,0.0,0.0,0.0,0.0,0.0,0.0,42.0,0.0,102.0
109555,Thea Øyen Selsaas,0.0,0.0,0.0,0.0,0.0,0.0,0.0,0.0,32.0,30.0,34.0
109648,Anine Halvorsen Egge,0.0,0.0,0.0,0.0,0.0,0.0,0.0,0.0,34.0,44.0,146.0
109653,Heidrun Ervik,0.0,0.0,0.0,0.0,0.0,0.0,0.0,0.0,1.0,0.0,0.0
109656,Maja Morvik Kragholm,0.0,0.0,0.0,0.0,0.0,0.0,0.0,0.0,80.0,388.0,229.0
109680,Nancy Hang,0.0,0.0,0.0,0.0,0.0,0.0,0.0,0.0,4.0,12.0,78.0
109695,Emilie Lie Cook,0.0,0.0,0.0,0.0,0.0,0.0,0.0,0.0,22.0,8.0,18.0
109842,Urd Dalen,0.0,0.0,0.0,0.0,0.0,0.0,0.0,0.0,2.0,0.0,0.0
109857,Vilma Aasheim-Engen,0.0,0.0,0.0,0.0,0.0,0.0,0.0,0.0,124.0,192.0,68.0
110297,Shuwen Yang,0.0,0.0,0.0,0.0,0.0,0.0,0.0,0.0,33.0,90.0,116.0
110577,Victoria Heiberg,0.0,0.0,0.0,0.0,0.0,0.0,0.0,0.0,20.0,6.0,94.0
110797,Saline Knip,0.0,0.0,0.0,0.0,0.0,0.0,0.0,0.0,10.0,0.0,3.0
111115,Nora Jørgensen,0.0,0.0,0.0,0.0,0.0,0.0,0.0,0.0,2.0,0.0,0.0
111341,Mathea Rødvik Iglebæk,0.0,0.0,0.0,0.0,0.0,0.0,0.0,0.0,20.0,0.0,14.0
111342,Silje Lyngstad Skavhaug,0.0,0.0,0.0,0.0,0.0,0.0,0.0,0.0,17.0,24.0,44.0
111465,Alina Reiersølmoen Vigre,0.0,0.0,0.0,0.0,0.0,0.0,0.0,0.0,7.0,0.0,0.0
111467,Anna Marie Møretrø,0.0,0.0,0.0,0.0,0.0,0.0,0.0,0.0,8.0,0.0,0.0
111503,Laura Zeying Du,0.0,0.0,0.0,0.0,0.0,0.0,0.0,0.0,22.0,18.0,0.0
111519,Julie Naas Grytten,0.0,0.0,0.0,0.0,0.0,0.0,0.0,0.0,13.0,0.0,0.0
111864,Julia Småvik,0.0,0.0,0.0,0.0,0.0,0.0,0.0,0.0,7.0,16.0,13.0
111902,Maria Jablonska,0.0,0.0,0.0,0.0,0.0,0.0,0.0,0.0,55.0,0.0,0.0
111926,Milla Maevski ,0.0,0.0,0.0,0.0,0.0,0.0,0.0,0.0,50.0,0.0,36.0
112017,Kjersti Hestenes,0.0,0.0,0.0,0.0,0.0,0.0,0.0,0.0,4.0,2.0,0.0
112118,Kritika Sharma,0.0,0.0,0.0,0.0,0.0,0.0,0.0,0.0,4.0,0.0,0.0
112158,Tanisha Naimish Doshi,0.0,0.0,0.0,0.0,0.0,0.0,0.0,0.0,4.0,6.0,4.0
112169,Abiramy Kokilan,0.0,0.0,0.0,0.0,0.0,0.0,0.0,0.0,9.0,12.0,41.0
112224,Ingrid Trøite,0.0,0.0,0.0,0.0,0.0,0.0,0.0,0.0,44.0,28.0,76.0
112255,Susanna Land Tellefsen,0.0,0.0,0.0,0.0,0.0,0.0,0.0,0.0,10.0,0.0,0.0
112265,Thea Stie,0.0,0.0,0.0,0.0,0.0,0.0,0.0,0.0,24.0,24.0,20.0
112283,Turid Gråberg,0.0,0.0,0.0,0.0,0.0,0.0,0.0,0.0,6.0,0.0,0.0
112303,Malin Sandnes,0.0,0.0,0.0,0.0,0.0,0.0,0.0,0.0,10.0,22.0,14.0
112331,Darja Maria Abuzatoaie,0.0,0.0,0.0,0.0,0.0,0.0,0.0,0.0,24.0,36.0,54.0
112550,Praapthi Rao,0.0,0.0,0.0,0.0,0.0,0.0,0.0,0.0,1.0,7.0,2.0
112677,Minelli Marrin Mervin,0.0,0.0,0.0,0.0,0.0,0.0,0.0,0.0,25.0,8.0,17.0
112683,Giulia Dell'Acqua,0.0,0.0,0.0,0.0,0.0,0.0,0.0,0.0,1.0,22.0,52.0
112746,Hanna Malm,0.0,0.0,0.0,0.0,0.0,0.0,0.0,0.0,12.0,0.0,0.0
112829,Johanne Mikkelhaug,0.0,0.0,0.0,0.0,0.0,0.0,0.0,0.0,1.0,0.0,0.0
112925,Jannike Wefring,0.0,0.0,0.0,0.0,0.0,0.0,0.0,0.0,1.0,0.0,0.0
112945,Ragnhild Storm Hansen,0.0,0.0,0.0,0.0,0.0,0.0,0.0,0.0,6.0,0.0,0.0
113037,Violetta Roskova,0.0,0.0,0.0,0.0,0.0,0.0,0.0,0.0,2.0,0.0,0.0
113061,Sofie Hansen,0.0,0.0,0.0,0.0,0.0,0.0,0.0,0.0,33.0,24.0,0.0
113088,Maria Jacob,0.0,0.0,0.0,0.0,0.0,0.0,0.0,0.0,6.0,0.0,0.0
113177,Lena Gloppen,0.0,0.0,0.0,0.0,0.0,0.0,0.0,0.0,1.0,20.0,21.0
113405,Randi Gåsø,0.0,0.0,0.0,0.0,0.0,0.0,0.0,0.0,27.0,0.0,0.0
113530,Florence Mandelik,0.0,0.0,0.0,0.0,0.0,0.0,0.0,0.0,4.0,0.0,0.0
113615,Mia Mysen-Sandal,0.0,0.0,0.0,0.0,0.0,0.0,0.0,0.0,1.0,0.0,0.0
113636,Aina Kaspersen,0.0,0.0,0.0,0.0,0.0,0.0,0.0,0.0,2.0,14.0,10.0
113723,Nadege Camille Langet,0.0,0.0,0.0,0.0,0.0,0.0,0.0,0.0,30.0,0.0,0.0
113737,Mayhai Ratnu,0.0,0.0,0.0,0.0,0.0,0.0,0.0,0.0,6.0,3.0,0.0
113770,Seema Mathew,0.0,0.0,0.0,0.0,0.0,0.0,0.0,0.0,7.0,11.0,4.0
113780,Sasiga Logeswaran,0.0,0.0,0.0,0.0,0.0,0.0,0.0,0.0,7.0,9.0,6.0
113836,Melinda Jude,0.0,0.0,0.0,0.0,0.0,0.0,0.0,0.0,2.0,10.0,6.0
113945,Annika Liungman,0.0,0.0,0.0,0.0,0.0,0.0,0.0,0.0,34.0,12.0,14.0
113983,Chen Huang,0.0,0.0,0.0,0.0,0.0,0.0,0.0,0.0,18.0,5.0,0.0
114012,Manon Costerg,0.0,0.0,0.0,0.0,0.0,0.0,0.0,0.0,1.0,0.0,0.0
114025,Camille Larson,0.0,0.0,0.0,0.0,0.0,0.0,0.0,0.0,2.0,0.0,0.0
114026,Carolina Stoop,0.0,0.0,0.0,0.0,0.0,0.0,0.0,0.0,1.0,0.0,0.0
114042,Kiran Nisa,0.0,0.0,0.0,0.0,0.0,0.0,0.0,0.0,2.0,0.0,0.0
114043,Rizwana Alam,0.0,0.0,0.0,0.0,0.0,0.0,0.0,0.0,4.0,0.0,0.0
114062,Kamila Remizova,0.0,0.0,0.0,0.0,0.0,0.0,0.0,0.0,9.0,24.0,45.0
114063,Suen Cindy,0.0,0.0,0.0,0.0,0.0,0.0,0.0,0.0,4.0,0.0,0.0
114128,Swati Nalawade,0.0,0.0,0.0,0.0,0.0,0.0,0.0,0.0,1.0,0.0,0.0
114140,Milka Kathrin Shao,0.0,0.0,0.0,0.0,0.0,0.0,0.0,0.0,3.0,0.0,0.0
114141,Paula Guisado Castro,0.0,0.0,0.0,0.0,0.0,0.0,0.0,0.0,6.0,0.0,0.0
114156,Amanda Ha Doan,0.0,0.0,0.0,0.0,0.0,0.0,0.0,0.0,1.0,0.0,0.0
114159,Nidhi Joneja,0.0,0.0,0.0,0.0,0.0,0.0,0.0,0.0,14.0,8.0,0.0
114161,Giedre Radene,0.0,0.0,0.0,0.0,0.0,0.0,0.0,0.0,2.0,0.0,0.0
114162,Mari H. Birkelund,0.0,0.0,0.0,0.0,0.0,0.0,0.0,0.0,4.0,12.0,25.0
114164,Gülser Selin Kilinc,0.0,0.0,0.0,0.0,0.0,0.0,0.0,0.0,30.0,50.0,74.0
114166,Cassandra Helene Svela,0.0,0.0,0.0,0.0,0.0,0.0,0.0,0.0,2.0,4.0,1.0
114203,Valentine Hahn,0.0,0.0,0.0,0.0,0.0,0.0,0.0,0.0,28.0,0.0,0.0
114205,Juliette Meulle,0.0,0.0,0.0,0.0,0.0,0.0,0.0,0.0,10.0,0.0,0.0
114206,Agnieszka Krzysztoń,0.0,0.0,0.0,0.0,0.0,0.0,0.0,0.0,1.0,6.0,50.0
114209,Katrine Aske,0.0,0.0,0.0,0.0,0.0,0.0,0.0,0.0,5.0,2.0,25.0
114224,Shilpa Danve,0.0,0.0,0.0,0.0,0.0,0.0,0.0,0.0,4.0,0.0,17.0
114251,Amelia Pawlowska,0.0,0.0,0.0,0.0,0.0,0.0,0.0,0.0,18.0,24.0,26.0
114286,Liv Merete Hammer,0.0,0.0,0.0,0.0,0.0,0.0,0.0,0.0,7.0,16.0,26.0
114288,Ida Bjørndal Westerlund,0.0,0.0,0.0,0.0,0.0,0.0,0.0,0.0,6.0,0.0,0.0
114291,Caroline Steen,0.0,0.0,0.0,0.0,0.0,0.0,0.0,0.0,1.0,0.0,0.0
114292,Phuong Tuyet Nguyen,0.0,0.0,0.0,0.0,0.0,0.0,0.0,0.0,27.0,31.0,11.0
114293,Trang Hong Thi Nguyen,0.0,0.0,0.0,0.0,0.0,0.0,0.0,0.0,2.0,5.0,2.0
114311,Maria Magdalena Cekiera,0.0,0.0,0.0,0.0,0.0,0.0,0.0,0.0,25.0,4.0,2.0
114338,Qiduo Yu,0.0,0.0,0.0,0.0,0.0,0.0,0.0,0.0,1.0,0.0,0.0
114383,Coline Bouchayer,0.0,0.0,0.0,0.0,0.0,0.0,0.0,0.0,20.0,36.0,13.0
114461,Hilde Røssland,0.0,0.0,0.0,0.0,0.0,0.0,0.0,0.0,20.0,57.0,35.0
114475,Nana Wei,0.0,0.0,0.0,0.0,0.0,0.0,0.0,0.0,4.0,0.0,0.0
114516,Juliette Bourdin,0.0,0.0,0.0,0.0,0.0,0.0,0.0,0.0,4.0,0.0,0.0
114531,Nadia Yaqub,0.0,0.0,0.0,0.0,0.0,0.0,0.0,0.0,1.0,2.0,0.0
114556,Lien Nguyen,0.0,0.0,0.0,0.0,0.0,0.0,0.0,0.0,24.0,6.0,0.0
114585,Priyatharsini Arulnayagam,0.0,0.0,0.0,0.0,0.0,0.0,0.0,0.0,2.0,0.0,0.0
114597,Narmin Zafar Malik,0.0,0.0,0.0,0.0,0.0,0.0,0.0,0.0,2.0,1.0,0.0
114664,Chelseah Tulio,0.0,0.0,0.0,0.0,0.0,0.0,0.0,0.0,17.0,25.0,24.0
114680,Maren Dorthea Bastnes,0.0,0.0,0.0,0.0,0.0,0.0,0.0,0.0,10.0,2.0,0.0
114725,Iram Nisa,0.0,0.0,0.0,0.0,0.0,0.0,0.0,0.0,1.0,0.0,0.0
114771,Anne Britt Sandvik,0.0,0.0,0.0,0.0,0.0,0.0,0.0,0.0,1.0,7.0,11.0
114776,Kalpana Chaudhary,0.0,0.0,0.0,0.0,0.0,0.0,0.0,0.0,2.0,1.0,0.0
114853,Ida Lillevik Førde,0.0,0.0,0.0,0.0,0.0,0.0,0.0,0.0,1.0,22.0,22.0
114861,Elin Ericsson,0.0,0.0,0.0,0.0,0.0,0.0,0.0,0.0,16.0,0.0,0.0
114867,Sandra Sölin,0.0,0.0,0.0,0.0,0.0,0.0,0.0,0.0,4.0,0.0,0.0
114888,Mirtha Elena Castro,0.0,0.0,0.0,0.0,0.0,0.0,0.0,0.0,1.0,0.0,0.0
114920,Jamie Kwa Yuen Teng,0.0,0.0,0.0,0.0,0.0,0.0,0.0,0.0,1.0,0.0,0.0
114931,Janelyn Oliveros,0.0,0.0,0.0,0.0,0.0,0.0,0.0,0.0,5.0,29.0,20.0
114941,Kayzee Espineda,0.0,0.0,0.0,0.0,0.0,0.0,0.0,0.0,6.0,14.0,17.0
114950,Tonje Jacobsen,0.0,0.0,0.0,0.0,0.0,0.0,0.0,0.0,4.0,0.0,0.0
114991,Bente Ramfjord,0.0,0.0,0.0,0.0,0.0,0.0,0.0,0.0,4.0,0.0,0.0
115014,Mathilde Moen,0.0,0.0,0.0,0.0,0.0,0.0,0.0,0.0,2.0,0.0,0.0
115042,Princess Huinda,0.0,0.0,0.0,0.0,0.0,0.0,0.0,0.0,2.0,3.0,3.0
115044,Pairin Surintham,0.0,0.0,0.0,0.0,0.0,0.0,0.0,0.0,19.0,52.0,72.0
115083,Michelle Dunay,0.0,0.0,0.0,0.0,0.0,0.0,0.0,0.0,8.0,0.0,0.0
115101,Charlotte Bauch,0.0,0.0,0.0,0.0,0.0,0.0,0.0,0.0,34.0,0.0,0.0
115110,Lisa Lundquist,0.0,0.0,0.0,0.0,0.0,0.0,0.0,0.0,34.0,0.0,0.0
115114,Anaëlle Chalumeau,0.0,0.0,0.0,0.0,0.0,0.0,0.0,0.0,18.0,0.0,0.0
115120,Wei Hong,0.0,0.0,0.0,0.0,0.0,0.0,0.0,0.0,1.0,16.0,16.0
115163,Katryn Ann Macaso Junker,0.0,0.0,0.0,0.0,0.0,0.0,0.0,0.0,4.0,0.0,0.0
115170,Janika Bourgeois,0.0,0.0,0.0,0.0,0.0,0.0,0.0,0.0,28.0,0.0,0.0
115181,Heidi Berg,0.0,0.0,0.0,0.0,0.0,0.0,0.0,0.0,1.0,0.0,0.0
100074,Tone Groven,0.0,0.0,0.0,0.0,0.0,0.0,0.0,0.0,0.0,73.0,128.0
100147,Hilde Genberg,0.0,0.0,0.0,0.0,0.0,0.0,0.0,0.0,0.0,6.0,6.0
100871,Marielle Sørby,0.0,0.0,0.0,0.0,0.0,0.0,0.0,0.0,0.0,10.0,0.0
101306,Caroline Elisabeth Hem,0.0,0.0,0.0,0.0,0.0,0.0,0.0,0.0,0.0,45.0,0.0
101412,Anne Kathrine Wenaas Ribe,0.0,0.0,0.0,0.0,0.0,0.0,0.0,0.0,0.0,11.0,11.0
107956,Rebecca Haukebøe,0.0,0.0,0.0,0.0,0.0,0.0,0.0,0.0,0.0,12.0,0.0
108930,Hedda Berg Angell,0.0,0.0,0.0,0.0,0.0,0.0,0.0,0.0,0.0,96.0,0.0
109540,Emilie Romundstad Nyborg,0.0,0.0,0.0,0.0,0.0,0.0,0.0,0.0,0.0,3.0,3.0
109554,Camilla Skrunes Sundt,0.0,0.0,0.0,0.0,0.0,0.0,0.0,0.0,0.0,54.0,100.0
110005,Silje Seem,0.0,0.0,0.0,0.0,0.0,0.0,0.0,0.0,0.0,4.0,0.0
110377,Alexandra Valentin,0.0,0.0,0.0,0.0,0.0,0.0,0.0,0.0,0.0,27.0,42.0
110566,Tonje Midttun,0.0,0.0,0.0,0.0,0.0,0.0,0.0,0.0,0.0,18.0,8.0
110583,Kristiane Rohde Hallager ,0.0,0.0,0.0,0.0,0.0,0.0,0.0,0.0,0.0,2.0,6.0
110591,Karen Uggedal Søvik,0.0,0.0,0.0,0.0,0.0,0.0,0.0,0.0,0.0,7.0,28.0
110648,Marie Gade Brask,0.0,0.0,0.0,0.0,0.0,0.0,0.0,0.0,0.0,148.0,0.0
110838,Oline Langeland Risa,0.0,0.0,0.0,0.0,0.0,0.0,0.0,0.0,0.0,16.0,118.0
111007,Dorthe Lorvik,0.0,0.0,0.0,0.0,0.0,0.0,0.0,0.0,0.0,67.0,132.0
111028,Danalakshmi Gopal,0.0,0.0,0.0,0.0,0.0,0.0,0.0,0.0,0.0,30.0,14.0
111136,Nora Haukdal Trøen,0.0,0.0,0.0,0.0,0.0,0.0,0.0,0.0,0.0,25.0,28.0
111257,Ekaja Dubey,0.0,0.0,0.0,0.0,0.0,0.0,0.0,0.0,0.0,10.0,10.0
111275,Audrina Ammara Darmawan,0.0,0.0,0.0,0.0,0.0,0.0,0.0,0.0,0.0,1.0,20.0
111521,Agnes Søvik Gunnarsdottir,0.0,0.0,0.0,0.0,0.0,0.0,0.0,0.0,0.0,10.0,10.0
111538,Juli Helen Johansen Klungtveit,0.0,0.0,0.0,0.0,0.0,0.0,0.0,0.0,0.0,76.0,191.0
111666,Tora Maurstad Pettersen,0.0,0.0,0.0,0.0,0.0,0.0,0.0,0.0,0.0,3.0,3.0
111667,Ragnhild Maurstad Pettersen,0.0,0.0,0.0,0.0,0.0,0.0,0.0,0.0,0.0,16.0,26.0
111791,Lilly Evy Schurmann,0.0,0.0,0.0,0.0,0.0,0.0,0.0,0.0,0.0,6.0,0.0
111795,Pernille Lillevik,0.0,0.0,0.0,0.0,0.0,0.0,0.0,0.0,0.0,12.0,32.0
111826,Thea Isabell Hansen,0.0,0.0,0.0,0.0,0.0,0.0,0.0,0.0,0.0,4.0,4.0
111854,MARTE EGGEN,0.0,0.0,0.0,0.0,0.0,0.0,0.0,0.0,0.0,6.0,35.0
112126,Varshini Manikandan,0.0,0.0,0.0,0.0,0.0,0.0,0.0,0.0,0.0,16.0,8.0
112264,Sylvia Husmo,0.0,0.0,0.0,0.0,0.0,0.0,0.0,0.0,0.0,10.0,2.0
112770,Sarah Zeyu Du,0.0,0.0,0.0,0.0,0.0,0.0,0.0,0.0,0.0,2.0,14.0
113016,Malin Fossen Genberg,0.0,0.0,0.0,0.0,0.0,0.0,0.0,0.0,0.0,4.0,5.0
113021,Ronija Eileen Evensen,0.0,0.0,0.0,0.0,0.0,0.0,0.0,0.0,0.0,17.0,0.0
113030,Oline Hanssen,0.0,0.0,0.0,0.0,0.0,0.0,0.0,0.0,0.0,52.0,0.0
113065,Julie Norberg,0.0,0.0,0.0,0.0,0.0,0.0,0.0,0.0,0.0,12.0,66.0
113083,Hannah Wong,0.0,0.0,0.0,0.0,0.0,0.0,0.0,0.0,0.0,5.0,57.0
113168,Mikaela Stordal,0.0,0.0,0.0,0.0,0.0,0.0,0.0,0.0,0.0,105.0,52.0
113230,Minni Elise Aakvik,0.0,0.0,0.0,0.0,0.0,0.0,0.0,0.0,0.0,2.0,0.0
113268,Ingrid-Elise Wammen Espeland,0.0,0.0,0.0,0.0,0.0,0.0,0.0,0.0,0.0,1.0,0.0
113269,Malin Sæther-Danielsen,0.0,0.0,0.0,0.0,0.0,0.0,0.0,0.0,0.0,6.0,12.0
113270,Maja Sæther-Danielsen,0.0,0.0,0.0,0.0,0.0,0.0,0.0,0.0,0.0,11.0,18.0
113376,Nathalie Daniela Uchto,0.0,0.0,0.0,0.0,0.0,0.0,0.0,0.0,0.0,7.0,0.0
113389,Sailee Gangarde,0.0,0.0,0.0,0.0,0.0,0.0,0.0,0.0,0.0,2.0,0.0
113500,Wenche Blix,0.0,0.0,0.0,0.0,0.0,0.0,0.0,0.0,0.0,2.0,6.0
113590,Ingrid Teistung,0.0,0.0,0.0,0.0,0.0,0.0,0.0,0.0,0.0,46.0,140.0
113777,Stine Holm Bjørdal,0.0,0.0,0.0,0.0,0.0,0.0,0.0,0.0,0.0,46.0,58.0
113826,Erle Sofie Andersen,0.0,0.0,0.0,0.0,0.0,0.0,0.0,0.0,0.0,4.0,0.0
113886,Alice Løvås Walbom,0.0,0.0,0.0,0.0,0.0,0.0,0.0,0.0,0.0,14.0,42.0
113901,Frida Lavik-Haug,0.0,0.0,0.0,0.0,0.0,0.0,0.0,0.0,0.0,1.0,4.0
113959,Amalie Teigen,0.0,0.0,0.0,0.0,0.0,0.0,0.0,0.0,0.0,4.0,0.0
114074,Ada Bjerkestrand,0.0,0.0,0.0,0.0,0.0,0.0,0.0,0.0,0.0,2.0,0.0
114075,Jenny Hildre,0.0,0.0,0.0,0.0,0.0,0.0,0.0,0.0,0.0,3.0,0.0
114120,Nicole Hofmann,0.0,0.0,0.0,0.0,0.0,0.0,0.0,0.0,0.0,15.0,56.0
114213,Emma Michelle Hanssen,0.0,0.0,0.0,0.0,0.0,0.0,0.0,0.0,0.0,20.0,19.0
114636,Melanie Antonella Matland,0.0,0.0,0.0,0.0,0.0,0.0,0.0,0.0,0.0,64.0,166.0
114640,Elaine Marie Cogay,0.0,0.0,0.0,0.0,0.0,0.0,0.0,0.0,0.0,1.0,0.0
114643,Kelly Josie Goodchild,0.0,0.0,0.0,0.0,0.0,0.0,0.0,0.0,0.0,6.0,22.0
114778,Maria Rasool,0.0,0.0,0.0,0.0,0.0,0.0,0.0,0.0,0.0,2.0,3.0
114790,Emma Rasmussen-Wingan,0.0,0.0,0.0,0.0,0.0,0.0,0.0,0.0,0.0,11.0,8.0
114791,Mari Jensen,0.0,0.0,0.0,0.0,0.0,0.0,0.0,0.0,0.0,12.0,12.0
114857,Miranda Starup Jensen,0.0,0.0,0.0,0.0,0.0,0.0,0.0,0.0,0.0,2.0,2.0
114955,Zlata Velikanova,0.0,0.0,0.0,0.0,0.0,0.0,0.0,0.0,0.0,1.0,0.0
115043,Jovi Lubay Sespene,0.0,0.0,0.0,0.0,0.0,0.0,0.0,0.0,0.0,7.0,0.0
115095,Trine Lise Haugli,0.0,0.0,0.0,0.0,0.0,0.0,0.0,0.0,0.0,3.0,30.0
115193,Vishakha Gridhar,0.0,0.0,0.0,0.0,0.0,0.0,0.0,0.0,0.0,2.0,6.0
115232,Farleigh Eshawez,0.0,0.0,0.0,0.0,0.0,0.0,0.0,0.0,0.0,7.0,3.0
115242,Sofiia Lisna,0.0,0.0,0.0,0.0,0.0,0.0,0.0,0.0,0.0,70.0,70.0
115248,Xiao Zhang,0.0,0.0,0.0,0.0,0.0,0.0,0.0,0.0,0.0,11.0,8.0
115250,Tenzin Ingsey,0.0,0.0,0.0,0.0,0.0,0.0,0.0,0.0,0.0,4.0,5.0
115251,Valentina Vanessa Françoise Wigny,0.0,0.0,0.0,0.0,0.0,0.0,0.0,0.0,0.0,1.0,0.0
115252,Ida Katarina Liv Stafström,0.0,0.0,0.0,0.0,0.0,0.0,0.0,0.0,0.0,1.0,0.0
115253,Clara Ann Søby,0.0,0.0,0.0,0.0,0.0,0.0,0.0,0.0,0.0,2.0,0.0
115293,Marina Endresen,0.0,0.0,0.0,0.0,0.0,0.0,0.0,0.0,0.0,1.0,0.0
115294,Marthe Evjenth,0.0,0.0,0.0,0.0,0.0,0.0,0.0,0.0,0.0,1.0,2.0
115310,Prerna Kulkarni,0.0,0.0,0.0,0.0,0.0,0.0,0.0,0.0,0.0,6.0,0.0
115336,Inga-Lill Søreng Reppe,0.0,0.0,0.0,0.0,0.0,0.0,0.0,0.0,0.0,3.0,2.0
115337,Ellen Sandbugt,0.0,0.0,0.0,0.0,0.0,0.0,0.0,0.0,0.0,3.0,4.0
115340,Tora Svennevik,0.0,0.0,0.0,0.0,0.0,0.0,0.0,0.0,0.0,8.0,6.0
115375,Annejet Bos,0.0,0.0,0.0,0.0,0.0,0.0,0.0,0.0,0.0,47.0,0.0
115397,Yolanda Jaceline,0.0,0.0,0.0,0.0,0.0,0.0,0.0,0.0,0.0,2.0,0.0
115458,Viktoria Hov Jensen,0.0,0.0,0.0,0.0,0.0,0.0,0.0,0.0,0.0,28.0,32.0
115459,Karen Johannesen,0.0,0.0,0.0,0.0,0.0,0.0,0.0,0.0,0.0,10.0,17.0
115462,Astrid Sandnes Fagervoll,0.0,0.0,0.0,0.0,0.0,0.0,0.0,0.0,0.0,7.0,7.0
115466,Van Sui Cer,0.0,0.0,0.0,0.0,0.0,0.0,0.0,0.0,0.0,1.0,9.0
115476,Annalyn Santos Fiskerstrand,0.0,0.0,0.0,0.0,0.0,0.0,0.0,0.0,0.0,16.0,0.0
115480,Marina Karlsen,0.0,0.0,0.0,0.0,0.0,0.0,0.0,0.0,0.0,1.0,1.0
115545,Anita Løvheim,0.0,0.0,0.0,0.0,0.0,0.0,0.0,0.0,0.0,2.0,4.0
115556,Jenny Wu,0.0,0.0,0.0,0.0,0.0,0.0,0.0,0.0,0.0,10.0,0.0
115562,Bao Quynh Truong,0.0,0.0,0.0,0.0,0.0,0.0,0.0,0.0,0.0,4.0,8.0
115582,Tetiana Yakovenko,0.0,0.0,0.0,0.0,0.0,0.0,0.0,0.0,0.0,1.0,1.0
115614,Hui Qian Yang,0.0,0.0,0.0,0.0,0.0,0.0,0.0,0.0,0.0,5.0,1.0
115686,Marte Vorum,0.0,0.0,0.0,0.0,0.0,0.0,0.0,0.0,0.0,33.0,35.0
115709,Karolina Nordsjø,0.0,0.0,0.0,0.0,0.0,0.0,0.0,0.0,0.0,49.0,22.0
115714,Wania Kamran,0.0,0.0,0.0,0.0,0.0,0.0,0.0,0.0,0.0,4.0,4.0
115738,Fanny Picamal,0.0,0.0,0.0,0.0,0.0,0.0,0.0,0.0,0.0,8.0,0.0
115753,Anastasiia,0.0,0.0,0.0,0.0,0.0,0.0,0.0,0.0,0.0,7.0,0.0
115767,Vidya Gouli,0.0,0.0,0.0,0.0,0.0,0.0,0.0,0.0,0.0,15.0,12.0
115835,Mina Eriksen,0.0,0.0,0.0,0.0,0.0,0.0,0.0,0.0,0.0,1.0,0.0
115844,Julie Seem,0.0,0.0,0.0,0.0,0.0,0.0,0.0,0.0,0.0,1.0,0.0
115881,Eileen Linda Shamim,0.0,0.0,0.0,0.0,0.0,0.0,0.0,0.0,0.0,12.0,44.0
115947,Irena Malaskauske,0.0,0.0,0.0,0.0,0.0,0.0,0.0,0.0,0.0,2.0,6.0
115970,Marianne Østenseth,0.0,0.0,0.0,0.0,0.0,0.0,0.0,0.0,0.0,1.0,2.0
115978,Maryam Imam,0.0,0.0,0.0,0.0,0.0,0.0,0.0,0.0,0.0,1.0,0.0
115980,Dina Holst-Larsen,0.0,0.0,0.0,0.0,0.0,0.0,0.0,0.0,0.0,2.0,0.0
115981,Nina Helen Amundsen,0.0,0.0,0.0,0.0,0.0,0.0,0.0,0.0,0.0,3.0,29.0
115983,Mitali Milind Vanage,0.0,0.0,0.0,0.0,0.0,0.0,0.0,0.0,0.0,1.0,0.0
116000,Thanida Suttirak,0.0,0.0,0.0,0.0,0.0,0.0,0.0,0.0,0.0,6.0,23.0
116021,Rutvi Nalawade,0.0,0.0,0.0,0.0,0.0,0.0,0.0,0.0,0.0,14.0,14.0
116043,Mila Knutsen Lillehagen,0.0,0.0,0.0,0.0,0.0,0.0,0.0,0.0,0.0,3.0,2.0
116137,Beate Storsul,0.0,0.0,0.0,0.0,0.0,0.0,0.0,0.0,0.0,1.0,4.0
116138,Stine Rolfsen,0.0,0.0,0.0,0.0,0.0,0.0,0.0,0.0,0.0,3.0,3.0
116139,Synnøve Solheim,0.0,0.0,0.0,0.0,0.0,0.0,0.0,0.0,0.0,10.0,10.0
116140,Meriam Lund,0.0,0.0,0.0,0.0,0.0,0.0,0.0,0.0,0.0,1.0,5.0
116167,Malaz Ahmed Khamis,0.0,0.0,0.0,0.0,0.0,0.0,0.0,0.0,0.0,1.0,1.0
116185,Lisa Makinadjian,0.0,0.0,0.0,0.0,0.0,0.0,0.0,0.0,0.0,32.0,32.0
116226,Luna Vassallo,0.0,0.0,0.0,0.0,0.0,0.0,0.0,0.0,0.0,24.0,24.0
116233,Ebba Falster,0.0,0.0,0.0,0.0,0.0,0.0,0.0,0.0,0.0,1.0,1.0
116234,Erle Falster,0.0,0.0,0.0,0.0,0.0,0.0,0.0,0.0,0.0,1.0,1.0
116235,Sara Evju Gerasch,0.0,0.0,0.0,0.0,0.0,0.0,0.0,0.0,0.0,1.0,1.0
116296,Mali Vallernes,0.0,0.0,0.0,0.0,0.0,0.0,0.0,0.0,0.0,1.0,1.0
116352,Marianna Rodrigues Aranha de Sousa,0.0,0.0,0.0,0.0,0.0,0.0,0.0,0.0,0.0,1.0,1.0
116353,Filipa Nunes Alves,0.0,0.0,0.0,0.0,0.0,0.0,0.0,0.0,0.0,1.0,1.0
103764,Punyanuch Ampaijit,0.0,0.0,0.0,0.0,0.0,0.0,0.0,0.0,0.0,0.0,16.0
107946,Yngvild Buraas,0.0,0.0,0.0,0.0,0.0,0.0,0.0,0.0,0.0,0.0,52.0
108995,Mathilde Vik Myking,0.0,0.0,0.0,0.0,0.0,0.0,0.0,0.0,0.0,0.0,1.0
109920,Johanne Toverud,0.0,0.0,0.0,0.0,0.0,0.0,0.0,0.0,0.0,0.0,3.0
109921,Helene A. Toverud,0.0,0.0,0.0,0.0,0.0,0.0,0.0,0.0,0.0,0.0,17.0
109922,Marie A. Toverud,0.0,0.0,0.0,0.0,0.0,0.0,0.0,0.0,0.0,0.0,25.0
110424,Mia Henriksen,0.0,0.0,0.0,0.0,0.0,0.0,0.0,0.0,0.0,0.0,2.0
110469,Helle Janitz,0.0,0.0,0.0,0.0,0.0,0.0,0.0,0.0,0.0,0.0,3.0
110590,Celine H Solvang Søvik,0.0,0.0,0.0,0.0,0.0,0.0,0.0,0.0,0.0,0.0,22.0
110839,Maja Fossbakken Knutseth,0.0,0.0,0.0,0.0,0.0,0.0,0.0,0.0,0.0,0.0,14.0
111451,Andrea Nygård,0.0,0.0,0.0,0.0,0.0,0.0,0.0,0.0,0.0,0.0,3.0
112674,Maja Mathilde Johnsen Sørgjerd,0.0,0.0,0.0,0.0,0.0,0.0,0.0,0.0,0.0,0.0,3.0
112699,Helena Uggedal,0.0,0.0,0.0,0.0,0.0,0.0,0.0,0.0,0.0,0.0,14.0
113061,Sofie Kold Hansen,0.0,0.0,0.0,0.0,0.0,0.0,0.0,0.0,0.0,0.0,60.0
113464,Tine Ellen Sjøstedt,0.0,0.0,0.0,0.0,0.0,0.0,0.0,0.0,0.0,0.0,45.0
113972,Marie Torsvik Loga,0.0,0.0,0.0,0.0,0.0,0.0,0.0,0.0,0.0,0.0,7.0
113975,Justé Beinoriuté,0.0,0.0,0.0,0.0,0.0,0.0,0.0,0.0,0.0,0.0,7.0
113978,Maham Sheikh,0.0,0.0,0.0,0.0,0.0,0.0,0.0,0.0,0.0,0.0,3.0
114063,Cindy Suen,0.0,0.0,0.0,0.0,0.0,0.0,0.0,0.0,0.0,0.0,13.0
114214,Kaya Marielle Nicolaysen-Hanssen,0.0,0.0,0.0,0.0,0.0,0.0,0.0,0.0,0.0,0.0,2.0
114310,Sofie Holm,0.0,0.0,0.0,0.0,0.0,0.0,0.0,0.0,0.0,0.0,14.0
114561,Maja Gjemdal,0.0,0.0,0.0,0.0,0.0,0.0,0.0,0.0,0.0,0.0,2.0
114658,Amelia Siemiatkowska,0.0,0.0,0.0,0.0,0.0,0.0,0.0,0.0,0.0,0.0,6.0
114660,Viktoria Ventislavova Simova,0.0,0.0,0.0,0.0,0.0,0.0,0.0,0.0,0.0,0.0,1.0
114804,Charu Pandey,0.0,0.0,0.0,0.0,0.0,0.0,0.0,0.0,0.0,0.0,2.0
114898,Villemo Kjihl,0.0,0.0,0.0,0.0,0.0,0.0,0.0,0.0,0.0,0.0,1.0
114958,Aurora Kaspersen,0.0,0.0,0.0,0.0,0.0,0.0,0.0,0.0,0.0,0.0,1.0
115035,Live Johanne Lillerødvann Nordgård,0.0,0.0,0.0,0.0,0.0,0.0,0.0,0.0,0.0,0.0,6.0
115218,Sofie Bjelke Samuelsen,0.0,0.0,0.0,0.0,0.0,0.0,0.0,0.0,0.0,0.0,1.0
115332,Ida Nemeth-Bjørkli,0.0,0.0,0.0,0.0,0.0,0.0,0.0,0.0,0.0,0.0,2.0
115335,Aud-Othilie Søreng Reppe,0.0,0.0,0.0,0.0,0.0,0.0,0.0,0.0,0.0,0.0,1.0
115403,Vera Alvhilde Vestergaard Grande,0.0,0.0,0.0,0.0,0.0,0.0,0.0,0.0,0.0,0.0,18.0
115443,Henriette Otterlei,0.0,0.0,0.0,0.0,0.0,0.0,0.0,0.0,0.0,0.0,10.0
115601,Annelotte Storsul Sverdrup,0.0,0.0,0.0,0.0,0.0,0.0,0.0,0.0,0.0,0.0,1.0
115688,Milaniia Petrina,0.0,0.0,0.0,0.0,0.0,0.0,0.0,0.0,0.0,0.0,8.0
115712,Chinbe Weeratoon Svensson,0.0,0.0,0.0,0.0,0.0,0.0,0.0,0.0,0.0,0.0,7.0
115739,Siyang Emily Ji,0.0,0.0,0.0,0.0,0.0,0.0,0.0,0.0,0.0,0.0,26.0
115753,Anastasiia Petrina,0.0,0.0,0.0,0.0,0.0,0.0,0.0,0.0,0.0,0.0,12.0
115842,Ann-Kristin Mathisen Johnson,0.0,0.0,0.0,0.0,0.0,0.0,0.0,0.0,0.0,0.0,21.0
115875,Thea Storheil,0.0,0.0,0.0,0.0,0.0,0.0,0.0,0.0,0.0,0.0,2.0
115888,Jianing Zuo,0.0,0.0,0.0,0.0,0.0,0.0,0.0,0.0,0.0,0.0,14.0
115931,Linnea Hamre,0.0,0.0,0.0,0.0,0.0,0.0,0.0,0.0,0.0,0.0,2.0
116009,Amal Mariia Elrozi,0.0,0.0,0.0,0.0,0.0,0.0,0.0,0.0,0.0,0.0,40.0
116173,Silje Krissly Pettersen,0.0,0.0,0.0,0.0,0.0,0.0,0.0,0.0,0.0,0.0,1.0
116221,Ane Fløttum,0.0,0.0,0.0,0.0,0.0,0.0,0.0,0.0,0.0,0.0,1.0
116282,Vasudha Toka,0.0,0.0,0.0,0.0,0.0,0.0,0.0,0.0,0.0,0.0,1.0
116301,Raya Mariyanova Miteva,0.0,0.0,0.0,0.0,0.0,0.0,0.0,0.0,0.0,0.0,1.0
116399,Alejandra Andrea Pescador,0.0,0.0,0.0,0.0,0.0,0.0,0.0,0.0,0.0,0.0,1.0
116406,Chloé Lescop,0.0,0.0,0.0,0.0,0.0,0.0,0.0,0.0,0.0,0.0,17.0
116428,Mari Kristine Bernhardsen,0.0,0.0,0.0,0.0,0.0,0.0,0.0,0.0,0.0,0.0,2.0
116525,Synne Skreosen Dahl,0.0,0.0,0.0,0.0,0.0,0.0,0.0,0.0,0.0,0.0,2.0
116534,Egle Dzerviene,0.0,0.0,0.0,0.0,0.0,0.0,0.0,0.0,0.0,0.0,3.0
116540,Cecilie Marie Berglund,0.0,0.0,0.0,0.0,0.0,0.0,0.0,0.0,0.0,0.0,10.0
116564,Seema Stalin,0.0,0.0,0.0,0.0,0.0,0.0,0.0,0.0,0.0,0.0,4.0
116567,Mille Kristine Bjelland,0.0,0.0,0.0,0.0,0.0,0.0,0.0,0.0,0.0,0.0,13.0
116582,Siying Wang,0.0,0.0,0.0,0.0,0.0,0.0,0.0,0.0,0.0,0.0,9.0
116590,Britt Eglum,0.0,0.0,0.0,0.0,0.0,0.0,0.0,0.0,0.0,0.0,1.0
116617,Anna-Karin Våge,0.0,0.0,0.0,0.0,0.0,0.0,0.0,0.0,0.0,0.0,1.0
116635,Ina Nguyen,0.0,0.0,0.0,0.0,0.0,0.0,0.0,0.0,0.0,0.0,1.0
116660,Yola Keenlyside,0.0,0.0,0.0,0.0,0.0,0.0,0.0,0.0,0.0,0.0,1.0
116676,Thanh Thanh Tran Vo,0.0,0.0,0.0,0.0,0.0,0.0,0.0,0.0,0.0,0.0,2.0
116682,Marita Fauske,0.0,0.0,0.0,0.0,0.0,0.0,0.0,0.0,0.0,0.0,2.0
116743,Victoria M,0.0,0.0,0.0,0.0,0.0,0.0,0.0,0.0,0.0,0.0,54.0
116798,Linn Berit Eiesar,0.0,0.0,0.0,0.0,0.0,0.0,0.0,0.0,0.0,0.0,1.0
116863,Phattaranan Pinthongkam,0.0,0.0,0.0,0.0,0.0,0.0,0.0,0.0,0.0,0.0,18.0
116897,Ingrid Ersland Undheim,0.0,0.0,0.0,0.0,0.0,0.0,0.0,0.0,0.0,0.0,1.0
116900,Rosette,0.0,0.0,0.0,0.0,0.0,0.0,0.0,0.0,0.0,0.0,4.0
116933,Kjersti Hafsahl,0.0,0.0,0.0,0.0,0.0,0.0,0.0,0.0,0.0,0.0,1.0
116940,Maria Tobota-Johannessen,0.0,0.0,0.0,0.0,0.0,0.0,0.0,0.0,0.0,0.0,2.0
116951,Myleen Espineda,0.0,0.0,0.0,0.0,0.0,0.0,0.0,0.0,0.0,0.0,17.0
